0.2735,0.593205,0.227565,0.711335,0.32955,0.60633,0.26916,0.70539,0.244145,0.784055,0.263215,0.68473,0.35163,0.784855,0.33904,0.79106,,,g
0.487765,0.43131,0.46856,0.41687,0.442035,0.4048,0.407995,0.39766,0.367155,0.39834,0.32133,0.40972,0.2735,0.434245,0.0,0.665545,,,b
0.30881,0.780225,0.3791,0.80218,0.413175,0.7155,0.389275,0.79492,0.2989,0.78764,0.43969,0.716925,0.36249,0.854435,0.4573,0.877675,,,g
1.0,0.33809,1.0,0.62841,0.399505,1.0,1.0,0.758065,0.953475,1.0,0.5,0.5,1.0,0.150125,0.227665,0.0,,,b
0.171515,0.47696,0.202135,0.471465,0.189015,0.512155,0.23397,0.56645,0.17421,0.51643,0.235605,0.511545,0.322125,0.52991,0.410935,0.725535,,,g
0.560055,0.499805,0.5,0.5,0.50366,0.460705,0.546115,0.4838,0.492325,0.517565,0.50444,0.507595,0.518345,0.50919,0.47293,0.442125,,,b
0.095125,0.43084,0.09341,0.47869,0.088025,0.52303,0.08745,0.568295,0.09183,0.61396,0.101235,0.65949,0.11719,0.68162,0.131795,0.68926,,,g
0.5,0.5,1.0,1.0,0.5,0.5,1.0,1.0,1.0,1.0,0.5,0.5,0.5,0.5,0.0,0.0,,,b
0.1329,0.694475,0.136105,0.72557,0.180405,0.627175,0.15144,0.787885,0.1728,0.92553,0.178875,0.848185,0.197055,0.87673,0.1699,0.922685,,,g
0.690325,0.45896,0.62043,0.582975,0.5,0.5,0.48853,0.603225,0.49337,0.425985,0.5,0.5,0.5,0.5,0.610575,0.81864,,,b
0.05421,0.614975,0.054535,0.65498,0.081625,0.701515,0.0675,0.736055,0.05436,0.779335,0.09728,0.815405,0.1184,0.853225,0.145015,0.84938,,,g
0.0,1.0,0.0,1.0,0.0,1.0,0.186275,1.0,0.29556,1.0,1.0,1.0,1.0,1.0,0.032005,1.0,,,b
0.16387,0.823635,0.177315,0.84357,0.15603,0.828615,0.20815,0.88112,0.264315,0.9204,0.2439,0.914935,0.26346,0.930215,0.283085,0.950685,,,g
0.40587,1.0,0.94214,1.0,0.16753,1.0,0.67962,1.0,0.41494,1.0,0.811745,1.0,0.579015,0.809155,0.0,1.0,,,b
0.73356,1.0,0.66246,1.0,0.743205,0.978015,0.683715,1.0,0.600165,1.0,0.70875,1.0,0.72379,1.0,0.635435,1.0,,,g
0.5,0.5,0.61594,1.0,0.5,0.5,0.632505,0.69876,0.96118,0.418735,0.5,0.5,0.5,0.5,0.0,1.0,,,b
0.560075,0.854705,0.57965,0.88561,0.576895,0.89555,0.56819,0.89738,0.56706,0.906645,0.57221,0.91834,0.55915,0.908165,0.543155,0.93052,,,g
0.0,1.0,0.0,0.0,1.0,0.0,0.0,1.0,1.0,0.0,1.0,0.0,0.0,1.0,1.0,0.0,,,b
0.66518,1.0,0.62896,0.703315,0.62653,0.717165,0.62309,0.730835,0.61862,0.74419,0.613125,0.7571,0.60663,0.76944,0.70612,0.571975,,,g
1.0,1.0,1.0,1.0,0.0,1.0,1.0,1.0,1.0,0.0,0.78125,1.0,1.0,0.0,1.0,1.0,,,b
0.274805,0.87177,0.297125,0.90224,0.308845,0.87892,0.288845,0.913405,0.29814,0.90937,0.26567,0.9803,0.27964,0.958465,0.32733,0.932365,,,g
1.0,0.0,1.0,0.0,1.0,0.0,0.0,1.0,0.5,0.5,0.5,0.5,1.0,0.0,1.0,0.0,,,b
0.49909,0.760495,0.499925,0.75655,0.493745,0.74832,0.488975,0.790255,0.461475,0.778385,0.470355,0.82079,0.460475,0.829805,0.473525,0.87603,,,g
0.5,0.5,1.0,0.0,1.0,1.0,0.0,1.0,0.0,0.0,0.5,0.5,1.0,1.0,1.0,0.0,,,b
0.302565,0.821035,0.36858,0.77178,0.30712,0.86547,0.35413,0.862645,0.32581,0.92466,0.34173,0.90426,0.34221,0.97455,0.398165,0.828655,,,g
0.0,1.0,0.0,1.0,0.0,1.0,0.0,1.0,0.0,1.0,0.0,1.0,0.18602,1.0,0.0,1.0,,,b
0.0,0.433295,0.03936,0.66492,0.05163,0.70325,0.067085,0.74068,0.08566,0.776945,0.107265,0.811785,0.555265,0.95142,0.0,0.561225,,,g
1.0,0.0,0.5,0.5,0.0,0.0,1.0,0.0,0.0,1.0,0.5,0.5,0.0,1.0,0.0,0.0,,,b
1.0,0.762395,1.0,0.82179,1.0,0.87411,1.0,0.919495,1.0,0.95812,1.0,0.99021,1.0,1.0,0.975495,1.0,,,g
0.0,1.0,1.0,0.0,0.0,1.0,0.0,1.0,1.0,1.0,0.0,1.0,0.0,1.0,0.0,0.0,,,b
0.077815,1.0,0.121195,1.0,0.1209,1.0,0.251565,0.9941,0.261785,1.0,0.201695,1.0,0.322405,1.0,0.26919,1.0,,,g
1.0,1.0,1.0,1.0,0.104295,1.0,1.0,1.0,0.5,0.5,0.0,1.0,1.0,1.0,0.072085,1.0,,,b
0.20957,0.710945,0.213115,0.735375,0.20073,0.750895,0.226855,0.78402,0.25957,0.806485,0.249575,0.83075,0.264235,0.852775,0.26489,0.876215,,,g
0.0,0.38407,0.06323,0.93068,0.390495,0.819055,0.293465,0.96562,0.39804,0.827465,0.52728,0.759665,0.96365,0.37043,0.358715,0.9038,,,b
0.21121,1.0,0.76686,1.0,0.444355,1.0,0.44209,1.0,0.574015,1.0,0.04331,0.962995,0.490545,0.98177,0.63295,1.0,,,g
0.67366,1.0,0.82634,1.0,0.31875,0.97991,0.457145,1.0,0.926785,1.0,0.0,1.0,0.92634,1.0,0.89018,1.0,,,b
0.39617,0.919335,0.399495,0.918885,0.40724,0.92822,0.410455,0.945335,0.395745,0.947345,0.432175,0.974075,0.42876,0.997945,0.428365,0.97092,,,g
0.5,0.5,1.0,1.0,1.0,0.0,1.0,1.0,0.0,1.0,1.0,0.0,1.0,0.0,1.0,1.0,,,b
0.557235,0.82629,0.55377,0.854625,0.5765,0.831935,0.56641,0.86775,0.556495,0.878775,0.57111,0.885205,0.559245,0.904915,0.572195,0.91872,,,g
1.0,1.0,0.573385,0.69176,0.57718,0.717405,0.580095,0.744335,0.58195,0.77223,0.58258,0.80069,0.581855,0.82925,0.705015,1.0,,,b
0.85722,0.53495,0.86344,0.55686,0.85341,0.59648,0.86193,0.63856,0.86041,0.67192,0.8442,0.702765,0.835675,0.739035,0.814995,0.788095,,,g
0.5,0.5,1.0,1.0,0.0,0.0,0.0,1.0,0.0,0.0,1.0,0.0,0.0,1.0,0.0,0.54375,,,b
0.838695,0.560685,0.775305,0.534635,0.780505,0.563175,0.783025,0.59313,0.782635,0.62428,0.77913,0.65637,0.77231,0.68912,0.564835,0.658195,,,g
0.0,1.0,0.0,1.0,0.0,1.0,1.0,1.0,0.92857,0.76875,1.0,0.07857,0.483035,1.0,0.0,1.0,,,b
0.083775,0.745975,0.09861,0.77376,0.123235,0.80505,0.13413,0.826235,0.157605,0.84141,0.176925,0.873625,0.200805,0.89508,0.214625,0.937165,,,g
0.5,0.5,0.5,1.0,1.0,0.0,0.0,0.0,0.0,0.0,0.5,0.5,0.5,0.5,0.0,0.0,,,b
0.24924,0.875575,0.260115,0.889595,0.287035,0.907165,0.28439,0.91586,0.28505,0.931065,0.311785,0.93937,0.326545,0.949955,0.33924,0.952905,,,g
0.709565,0.469415,0.602385,0.45183,0.193035,1.0,0.20935,0.76104,0.26633,0.91936,0.686805,0.13068,0.34273,0.351325,0.24788,1.0,,,b
0.38049,0.871615,0.384525,0.884555,0.38068,0.89273,0.39432,0.909065,0.401555,0.942435,0.406305,0.931285,0.413065,0.94137,0.404,0.89841,,,g
0.5,0.5,0.5,0.5,0.907865,0.0,0.0,1.0,0.72414,0.04849,0.67834,0.76724,0.5,0.5,0.815735,0.8847,,,b
0.492875,0.966615,0.37147,0.922315,0.33851,0.80791,0.49421,0.96679,0.48611,0.95033,0.41855,0.73305,1.0,1.0,0.39948,0.93338,,,g
0.5,0.5,0.5,0.5,0.0,0.0,1.0,1.0,0.0,1.0,0.0,1.0,0.5,0.5,1.0,0.0,,,b
0.674225,1.0,0.32657,1.0,0.0,1.0,0.0,1.0,0.0,0.95007,0.0,0.23581,0.0,0.0,0.28974,0.0,,,g
0.668055,1.0,1.0,0.0,0.0,0.0,0.0,1.0,1.0,0.40572,0.0,0.0,0.0,1.0,1.0,0.9192,,,b
0.294135,0.91083,0.304695,0.919755,0.346905,0.960295,0.32707,0.93622,0.296265,0.999495,0.350965,0.9507,0.36342,0.95714,0.32049,0.951715,,,g
0.80729,0.0,0.0,0.0,0.30543,0.0,0.0,1.0,0.61905,0.0,0.265995,0.0,0.0,0.12686,0.289435,0.289435,,,b
0.385095,0.86996,0.386175,0.892395,0.38815,0.9146,0.391035,0.9364,0.03858,1.0,0.399595,0.978005,0.405255,0.99742,0.411805,1.0,,,g
0.0,0.0,0.5,0.5,1.0,1.0,1.0,1.0,0.0,1.0,1.0,1.0,0.0,0.0,0.0,1.0,,,b
0.65583,0.91787,0.64788,0.89162,0.612555,0.94284,0.617855,0.942115,0.612155,0.958335,0.58205,0.95392,0.57129,0.998475,0.581325,0.983705,,,g
0.5,0.5,0.5,0.5,0.83854,0.0,1.0,1.0,0.98125,0.07604,0.364585,0.0,0.5,0.5,0.571875,0.759895,,,b
0.754515,0.77126,0.735165,0.783955,0.730155,0.81382,0.71373,0.84226,0.67329,0.880965,0.697985,0.874145,0.65849,0.916965,0.665645,0.91828,,,g
0.36354,1.0,0.5,0.5,0.59427,0.0,0.116665,1.0,0.416665,0.446875,0.0,0.541665,0.5,0.5,0.28854,1.0,,,b
0.893425,0.610505,0.83422,0.669605,0.880735,0.67842,0.845645,0.716585,0.77618,0.741555,0.8236,0.77793,0.790355,0.782765,0.784885,0.825455,,,g
1.0,1.0,0.0,0.60307,1.0,1.0,0.4693,1.0,0.0,0.904605,1.0,0.0,0.2807,0.663375,0.483555,0.57127,,,b
0.47299,0.75691,0.599245,0.71985,0.363065,1.0,0.463755,0.96445,0.55339,0.967965,0.43844,1.0,0.404525,0.940325,0.377515,0.900125,,,g
0.687045,1.0,0.61232,1.0,0.490265,0.688405,0.57971,1.0,0.333335,0.955165,0.632925,0.94565,0.81748,1.0,0.284875,0.79212,,,b
0.463355,0.901775,0.389895,0.97289,0.6168,0.933735,0.48913,0.98207,0.30472,1.0,0.63688,0.999665,0.52075,1.0,0.45666,0.921855,,,g
0.0,1.0,0.5,0.5,0.828125,1.0,0.0,1.0,0.0,1.0,0.0,1.0,1.0,1.0,1.0,1.0,,,b
0.51723,0.99408,0.32389,0.96785,0.0,0.628865,0.03352,0.70889,0.0,0.70683,0.012545,0.311645,0.118305,0.134585,0.28589,0.010465,,,g
0.0,1.0,0.0,1.0,0.5,0.5,0.75,1.0,1.0,1.0,1.0,1.0,1.0,1.0,1.0,1.0,,,b
0.879185,0.857465,0.928055,0.871945,0.835745,0.928055,0.85687,0.94751,0.84163,0.947965,0.797285,1.0,0.806335,1.0,0.76923,1.0,,,g
0.0,1.0,0.5,0.5,0.0,0.0,0.0,1.0,0.0,1.0,0.0,1.0,1.0,0.125,0.0,1.0,,,b
0.931425,0.54524,0.934175,0.56878,0.930305,0.62472,0.91898,0.667005,0.873445,0.703075,0.880985,0.741695,0.8441,0.772365,0.8657,0.845015,,,g
0.5,0.5,0.5,0.5,0.5,0.5,0.81746,0.88095,0.636905,0.867065,0.5,0.5,0.5,0.5,0.890875,0.732145,,,b
0.876215,0.666905,0.858445,0.735135,0.86342,0.74769,0.847175,0.797085,0.81971,0.833215,0.81379,0.89789,0.79981,0.90322,0.794005,0.87953,,,g
0.0,1.0,0.5,0.5,1.0,1.0,0.0,1.0,0.0,1.0,0.0,0.0,0.0,1.0,1.0,1.0,,,b
0.81329,0.70221,0.81818,0.72656,0.80466,0.76976,0.80495,0.794515,0.798615,0.835385,0.790645,0.851655,0.78141,0.897,0.73497,0.893095,,,g
1.0,0.0,0.0,0.0,1.0,0.0,1.0,1.0,0.0,1.0,1.0,0.0,1.0,0.0,1.0,0.0,,,b
1.0,0.093085,1.0,0.41315,1.0,0.554095,1.0,0.691275,1.0,0.82314,1.0,0.948235,1.0,0.87234,1.0,1.0,,,g
1.0,0.0,0.0,1.0,1.0,1.0,1.0,1.0,0.0,1.0,1.0,1.0,1.0,0.0,1.0,0.0,,,b
0.25874,1.0,0.107225,1.0,0.0,1.0,0.09314,1.0,0.20979,1.0,0.0,1.0,0.367135,1.0,0.19231,1.0,,,g
0.0,1.0,1.0,1.0,0.0,1.0,1.0,1.0,0.0,1.0,1.0,1.0,1.0,1.0,0.0,1.0,,,b
0.847545,0.479885,0.88536,0.513675,0.85519,0.54847,0.869425,0.593825,0.88073,0.618465,0.841715,0.67116,0.834875,0.699515,0.82462,0.756235,,,g
0.52293,0.479935,0.53532,0.477075,0.551745,0.476105,0.572405,0.47843,0.597025,0.48569,0.62468,0.499585,0.653725,0.521625,0.681765,0.552835,,,b
0.514795,0.781805,0.429735,0.79512,0.39423,0.76775,0.466815,0.805045,0.514055,0.826925,0.406805,0.673075,0.534765,0.89349,0.492605,0.82988,,,g
0.563775,0.672055,0.567605,0.69559,0.48694,0.662315,0.57315,0.746545,0.58209,0.735075,0.72761,0.916045,0.57396,0.82787,0.442165,0.73321,,,b
0.503775,0.86604,0.51887,0.932075,0.51132,0.83396,0.470995,0.86943,0.42453,0.92453,0.426415,0.86981,0.38113,0.879245,0.460375,0.809435,,,g
1.0,1.0,0.573215,0.744635,0.54091,0.711365,0.573365,0.78491,0.663635,0.786365,0.0,0.99318,0.35,1.0,0.55,0.83409,,,b
0.586275,0.715685,0.617645,0.72549,0.541175,0.731375,0.550195,0.743005,0.50196,0.74902,0.541175,0.790195,0.533335,0.72941,0.5,0.75098,,,g
0.46843,0.49737,0.46268,0.48542,0.0,0.0,0.46443,0.450145,0.47599,0.429985,0.68182,0.40682,0.52539,0.39986,0.563635,0.326135,,,b
0.770925,0.761805,0.854615,0.71513,0.79292,0.904505,0.766175,0.849055,0.760195,0.7838,0.674355,1.0,0.637875,0.86588,0.69528,0.85515,,,g
0.200665,0.40753,0.10915,0.39323,0.429455,0.88942,0.37356,0.85441,0.48141,0.89466,0.90467,0.32936,0.75405,0.465205,0.421355,0.889895,,,b
0.573915,0.752175,0.373915,0.82174,0.47776,0.74174,0.47868,0.74965,0.43913,0.65652,0.480775,0.76623,0.558695,0.634785,0.369565,0.680435,,,g
0.45511,0.76316,0.7791,0.511995,0.55573,0.42415,0.29942,0.70674,0.828175,1.0,0.19195,0.181115,0.535605,0.75232,0.51703,0.66873,,,b
0.48387,0.697795,0.49066,0.85399,0.549235,0.673175,0.483245,0.751845,0.48412,0.758655,0.395585,0.640915,0.533105,0.674875,0.47878,0.712225,,,g
0.5,0.5,0.5643,0.0,0.847005,0.0,0.94124,0.32927,0.90355,0.04213,0.618625,0.28714,0.694015,0.449,0.92461,0.24501,,,b
0.40048,0.161505,0.472375,0.142625,0.55609,0.138155,0.629175,0.14078,0.699755,0.159205,0.769025,0.214325,0.82962,0.266825,0.898085,0.356305,,,g
0.2515,0.200285,0.33169,0.163555,0.403395,0.08817,0.49321,0.08343,0.589245,0.07312,0.667685,0.11296,0.74754,0.15863,0.897625,0.239275,,,g
0.5,0.5,0.0,1.0,0.0,0.0,0.0,0.0,0.201955,1.0,0.0,0.0,0.0,0.98534,0.18241,0.68241,,,b
0.57557,0.787275,0.573485,0.798795,0.587695,0.828535,0.56804,0.82079,0.577225,0.83508,0.560925,0.840915,0.556775,0.850105,0.5,0.818065,,,g
0.5,0.5,0.0,1.0,0.0,1.0,0.0,0.0,0.0,0.0,0.0,0.59191,0.5,0.5,0.19853,0.867645,,,b
0.38352,0.935055,0.387195,0.98218,0.414385,0.972995,0.398785,0.98245,0.389585,0.994855,0.40364,1.0,0.407405,1.0,0.440935,0.99155,,,g
0.5,0.5,0.5,0.5,0.5,0.5,0.0,1.0,0.5,0.5,0.5,0.5,0.5,0.5,0.5,0.5,,,b
0.292135,0.847655,0.340715,0.945475,0.38136,0.90714,0.342175,0.943965,0.403835,1.0,0.30271,0.96563,0.364175,1.0,0.39491,0.99339,,,g
0.5,0.5,0.14962,0.58144,0.257575,0.530305,0.38068,1.0,0.589015,0.62121,0.5,0.5,0.5,0.5,0.09659,0.72538,,,b
0.276305,1.0,0.2963,1.0,0.315345,1.0,0.33348,1.0,0.35074,1.0,0.367145,1.0,0.38274,1.0,0.397545,1.0,,,g
0.5,0.5,0.5,0.5,0.5,0.5,0.55488,1.0,0.5,0.5,0.5,0.5,0.5,0.5,0.0,0.78049,,,b
0.36103,0.88293,0.371295,0.901265,0.417095,0.97147,0.41097,0.937895,0.40064,0.96684,0.47059,0.93918,0.500375,0.94938,0.455325,0.99149,,,g
0.5,0.5,0.5,0.5,0.381755,0.777025,0.0,1.0,0.0,0.28716,0.5,0.5,0.5,0.5,0.0,0.66554,,,b
0.11944,0.652225,0.0,1.0,0.0,0.9051,0.11007,0.768885,0.11548,0.80973,0.12552,0.8506,0.0,0.983005,0.05524,0.883855,,,g
0.5,0.5,0.5,0.5,0.03409,0.435605,0.030305,1.0,0.5,0.5,0.5,0.5,0.0,1.0,0.0,0.920455,,,b
0.34023,0.28544,0.400385,0.22567,0.46092,0.213795,0.54409,0.18481,0.628735,0.20383,0.70498,0.19885,0.78046,0.259005,0.828735,0.3295,,,g
0.5,0.5,0.5,0.5,0.5,0.5,0.61,1.0,0.84,0.605,0.5,0.5,0.5,0.5,0.0,0.92,,,b
0.233405,0.31284,0.277475,0.243745,0.359085,0.17519,0.440285,0.141345,0.517955,0.14581,0.64581,0.12949,0.72307,0.177365,0.822635,0.2432,,,g
0.5,0.5,0.5,0.5,0.5,0.5,0.5,0.499995,0.50001,0.499985,0.500095,0.499985,0.500375,0.50024,0.500485,0.50171,,,b
0.490615,0.57347,0.48983,0.584985,0.5,0.59524,0.48855,0.610545,0.47619,0.67857,0.440475,0.607145,0.5,0.65476,0.52381,0.666665,,,g
0.467215,0.7459,0.27869,0.639345,0.483605,0.663935,0.398375,0.761925,0.32787,0.65574,0.35246,1.0,0.516395,0.836065,0.41412,0.82779,,,b
0.585385,0.7942,0.582325,0.803575,0.513635,0.836365,0.57544,0.822905,0.613635,0.872725,0.567465,0.84302,0.56304,0.85337,0.563635,0.84091,,,g
0.220815,0.627205,0.350425,0.225545,0.69643,0.785715,0.69424,0.759855,0.85119,0.660715,0.26203,0.261745,0.724805,0.24085,0.52976,0.77381,,,b
0.27889,1.0,0.421955,1.0,0.426665,0.91111,0.42919,1.0,0.51778,0.92222,0.406665,1.0,0.44237,1.0,0.48111,0.94,,,g
0.354545,0.645455,0.31818,0.563635,0.472725,0.672725,0.464865,0.70549,0.58182,0.663635,0.58182,0.80909,0.745455,0.563635,0.527275,0.68182,,,b
0.443395,0.71698,0.71698,1.0,0.0,0.9717,0.49936,0.96096,0.896225,1.0,0.49944,0.97595,0.537735,0.76415,0.5,0.76415,,,g
0.511905,0.63095,0.47619,0.166665,0.5,1.0,0.244605,0.624445,0.44883,0.213725,0.36905,0.583335,0.52381,0.72619,0.511905,0.61905,,,b
0.46875,0.666665,0.34375,0.791665,0.458335,0.708335,0.44968,0.72006,0.40625,0.697915,0.59375,0.625,0.541665,0.666665,0.385415,0.677085,,,g
0.5,0.5,0.5,0.5,1.0,1.0,0.0,1.0,0.0,0.0,0.601505,0.81015,0.5,0.5,0.5,0.5,,,b
0.685955,0.59316,0.6981,0.617025,1.0,0.95165,0.716105,0.67187,0.720995,0.7022,0.722555,0.733865,0.72044,0.76629,0.79931,0.97736,,,g
0.84411,0.909895,0.905035,0.938785,0.713385,0.81479,0.58538,1.0,0.349685,0.64302,0.071225,0.93335,0.15203,0.99242,0.590675,0.943365,,,b
0.46556,0.96572,0.446015,1.0,0.506535,0.95489,0.465025,0.978385,0.421625,0.957835,0.47341,0.989445,0.45358,0.9881,0.507785,0.9692,,,g
0.5,0.5,0.809405,0.522235,0.5,0.5,0.0,1.0,0.5,0.5,0.0,0.409785,0.5,0.5,0.5,0.5,,,b
0.47944,0.9921,0.480725,1.0,0.48761,0.9851,0.482635,0.99594,0.477365,0.980095,0.47628,1.0,0.48694,1.0,0.500125,0.992425,,,g
0.42162,0.644595,0.37027,1.0,0.5,0.5,0.41216,1.0,0.5,0.5,0.29189,1.0,0.394595,1.0,0.5,0.5,,,b
0.536585,0.585365,0.5,0.59756,0.52752,0.58705,0.528205,0.59652,0.54878,0.609755,0.529065,0.61849,0.560975,0.634145,0.536585,0.658535,,,g
0.5,0.5,0.0,1.0,1.0,1.0,0.0,1.0,0.5,0.5,0.36111,1.0,0.5,0.5,0.5,0.5,,,b
0.37755,0.367345,0.5,0.32653,0.591835,0.20408,0.574475,0.267105,0.612245,0.19388,0.663265,0.357145,0.72449,0.357145,0.77551,0.39796,,,g
0.5,0.5,0.0,1.0,0.5,0.5,0.0,1.0,0.5,0.5,1.0,1.0,0.5,0.5,0.5,0.5,,,b
0.21691,0.35662,0.246325,0.27941,0.286765,0.224265,0.379345,0.160375,0.4375,0.128675,0.54412,0.069855,0.691175,0.132355,0.73897,0.25,,,g
0.258795,0.298995,0.51307,0.591505,0.526145,0.0,0.54588,0.871925,0.284315,0.0,0.02941,0.97059,0.084965,0.477125,0.22876,0.199345,,,b
0.475,0.708335,0.516665,0.733335,0.516665,0.7,0.527195,0.73107,0.566665,0.625,0.5,0.85,0.6,0.658335,0.491665,0.708335,,,g
0.50001,0.49996,0.500075,0.5,0.500025,0.50013,0.499785,0.500095,0.49975,0.499655,0.50051,0.49943,0.50119,0.50069,0.499235,0.50235,,,b
0.37838,0.756755,0.202705,0.864865,0.384865,0.79239,0.389185,0.805155,0.35135,0.675675,0.56757,0.87838,0.527025,0.81081,0.41167,0.859165,,,g
0.328125,0.0,0.40625,0.0,0.466795,0.95117,0.56879,0.910205,0.498045,0.978515,0.67383,0.033205,0.558595,0.003905,0.48633,0.96094,,,b
0.504045,0.97919,0.48295,0.97717,0.50954,0.986995,0.491765,0.981075,0.477745,0.98526,0.48815,0.969075,0.475145,0.96792,0.50896,0.998845,,,g
0.170325,1.0,0.18422,1.0,0.36111,1.0,0.21454,1.0,0.36111,1.0,0.248335,1.0,0.375,0.5,0.28569,1.0,,,b
0.49997,0.49996,0.49994,0.49994,0.49988,0.49991,0.49976,0.499875,0.49955,0.499845,0.49917,0.49986,0.498505,0.499985,0.497385,0.50039,,,g
0.362745,0.735295,0.392155,0.715685,0.343135,0.784315,0.37666,0.762045,0.37255,0.72549,0.382355,0.833335,0.40196,0.79412,0.392155,0.77451,,,b
0.498545,0.500125,0.49796,0.499555,0.4974,0.49853,0.49707,0.496895,0.497305,0.494515,0.498635,0.49137,0.501785,0.48763,0.50766,0.48385,,,g
0.546875,0.5,0.5,0.484375,0.515625,0.140625,0.5,0.515625,0.265625,0.515625,0.5,0.5,0.453125,0.5,0.3125,0.71875,,,b
0.464865,1.0,0.513515,1.0,0.483785,1.0,0.506255,0.99278,0.545945,0.98919,0.52162,1.0,0.53243,1.0,0.497295,0.98919,,,g
1.0,1.0,0.936585,1.0,0.534885,0.92248,0.858065,1.0,0.51938,0.9031,0.0,1.0,0.75335,1.0,0.55814,0.95349,,,b
0.532085,0.989305,0.545455,1.0,0.50535,0.938505,0.52226,0.98487,0.52674,0.981285,0.49198,0.99465,0.510695,0.983955,0.52139,0.95722,,,g
0.51525,0.702225,0.34386,0.36448,0.5925,0.265,0.357625,0.66095,0.38,0.21,0.66588,0.64954,0.46,0.26,0.65704,0.329065,,,b
0.583335,0.816665,0.583335,0.8,0.566665,0.8,0.55084,0.82966,0.566665,0.816665,0.5,0.883335,0.483335,0.866665,0.55,0.833335,,,g
0.48324,0.523745,0.5,0.522345,0.498605,0.515365,0.49581,0.551675,0.502795,0.50419,0.497205,0.513965,0.51257,0.476255,0.53771,0.467875,,,b
0.4701,0.75188,0.387325,0.730295,0.290495,0.68376,0.2179,0.580425,0.17604,0.479405,0.224555,0.345745,0.28,0.237625,0.402375,0.17287,,,g
0.497125,0.47701,0.505745,0.51293,0.505745,0.51293,0.50862,0.50431,0.49569,0.515805,0.494255,0.48132,0.511495,0.510055,0.52586,0.479885,,,b
0.50394,0.895075,0.51478,0.91478,0.474875,0.870445,0.50306,0.890205,0.49261,0.863055,0.527585,0.87389,0.51675,0.879805,0.48522,0.895565,,,g
0.509985,0.492865,0.49073,0.48716,0.503565,0.509985,0.507845,0.51997,0.50927,0.52568,0.48859,0.52568,0.50214,0.5107,0.51783,0.49144,,,b
0.521165,0.6336,0.378305,0.62434,0.391535,0.579365,0.341305,0.51787,0.501325,0.3836,0.309525,0.425925,0.42725,0.425925,0.4418,0.25,,,g
0.465675,0.55835,0.463385,0.548055,0.46682,0.556065,0.506865,0.542335,0.448515,0.575515,0.498855,0.556065,0.5,0.55835,0.536615,0.594965,,,b
0.752285,0.39214,0.772395,0.51371,0.80256,0.727605,0.65192,0.80049,0.47258,0.869285,0.3117,0.857405,0.1819,0.749545,0.153565,0.436015,,,g
0.5,0.503525,0.48801,0.491535,0.492245,0.50282,0.49436,0.50917,0.493655,0.5,0.5,0.50917,0.487305,0.52186,0.497885,0.48801,,,b
0.45407,0.895445,0.49029,0.86968,0.467885,0.940625,0.48161,0.911915,0.49029,0.89843,0.5112,0.952575,0.505975,0.940625,0.42905,0.91785,,,g
1.0,0.0,1.0,0.0,1.0,1.0,1.0,1.0,0.0,1.0,0.0,1.0,1.0,0.0,1.0,1.0,,,b
0.824665,0.443925,0.831575,0.598335,0.79155,0.68915,0.606715,0.85849,0.38338,0.88907,0.32385,0.823245,0.09752,0.64222,0.069685,0.4037,,,g
0.5,0.5,1.0,0.028125,1.0,1.0,1.0,1.0,1.0,1.0,1.0,0.65625,1.0,1.0,1.0,1.0,,,b
0.95098,0.441175,0.95098,0.617645,0.784315,0.862745,0.60938,0.96437,0.392155,0.960785,0.137255,0.87255,0.0,0.67647,0.068625,0.382355,,,g
1.0,0.0,0.0,0.0,0.5,0.5,0.0,1.0,0.71875,1.0,1.0,0.0,0.0,0.0,0.5,0.5,,,b
1.0,0.22222,1.0,0.61111,0.921765,0.78727,0.725095,0.9606,0.5,0.666665,0.38889,0.88889,0.11111,0.38889,0.0,0.77778,,,g
0.5,0.5,0.5,0.5,0.5,0.5,0.5,1.0,0.5,0.5,0.5,0.5,0.5,0.5,0.5,0.5,,,b
0.651465,0.837465,0.64537,0.848175,0.625,0.875,0.63194,0.86972,0.75,0.75,0.375,1.0,0.5,0.875,0.75,0.875,,,g
0.5,0.5,0.0,0.0,1.0,1.0,0.0,1.0,0.0,0.0,0.5,0.5,0.5,0.5,0.0,0.0,,,b
0.5,1.0,0.444445,0.944445,0.555555,1.0,0.47324,0.951735,0.5,0.833335,0.444445,0.833335,0.444445,0.88889,0.444445,1.0,,,g
0.5,0.5,1.0,1.0,0.0,0.0,0.0,1.0,0.5,0.5,1.0,0.0,0.5,0.5,0.5,0.5,,,b
0.40909,1.0,0.363635,1.0,0.727275,1.0,0.47543,1.0,0.454545,1.0,0.545455,1.0,0.31818,1.0,0.5,1.0,,,g
0.291665,0.585225,0.488635,0.59091,0.62121,0.71591,0.21212,0.62879,0.363635,0.645835,0.589015,0.21212,0.232955,0.50947,0.426135,0.560605,,,b
0.617645,1.0,0.67647,1.0,0.52941,1.0,0.601125,1.0,0.441175,1.0,0.70588,1.0,0.67647,1.0,0.441175,1.0,,,g
0.728725,0.162235,0.95213,0.87234,0.25532,0.3883,0.265955,0.404255,0.5,0.5,0.146275,0.585105,1.0,0.375,0.460105,0.914895,,,b
0.520835,0.854165,0.5,0.854165,0.604165,1.0,0.527515,0.91898,0.4375,0.916665,0.583335,0.875,0.458335,0.833335,0.541665,1.0,,,g
0.597755,0.584135,0.47596,0.51282,0.548075,0.5625,0.445515,0.58654,0.54487,0.539265,0.467145,0.47436,0.5,0.5,0.5,0.5,,,b
0.051895,0.646105,0.05577,0.620585,0.080535,0.689705,0.071655,0.743785,0.01852,0.835165,0.126075,0.794145,0.10842,0.91225,0.18228,0.840655,,,g
0.539475,0.914475,0.600875,0.67544,0.377195,1.0,0.0,1.0,0.166665,1.0,0.41886,0.350875,0.5,0.5,0.76535,0.614035,,,b
0.266985,0.591765,0.243355,0.578285,0.304285,0.563885,0.25805,0.64604,0.23929,0.61983,0.336595,0.76588,0.30336,0.805205,0.224705,0.702365,,,g
0.5,0.5,0.0,0.0,1.0,0.0,0.0,1.0,1.0,0.0,1.0,1.0,0.5,0.5,0.5,0.5,,,b
0.26051,0.462715,0.22963,0.4908,0.22536,0.46419,0.202055,0.54656,0.181995,0.57375,0.201545,0.667545,0.22914,0.70253,0.139455,0.63535,,,g
1.0,0.737845,0.0,0.84896,0.0,1.0,0.0,0.666665,1.0,0.14236,0.5,0.5,1.0,1.0,1.0,1.0,,,b
0.847045,0.49789,0.812235,0.657175,0.714135,0.820675,0.539665,0.889685,0.355485,0.874475,0.16561,0.757385,0.06751,0.581225,0.07173,0.374475,,,g
0.5,0.5,1.0,0.0,1.0,0.0,1.0,1.0,0.0,0.0,0.0,1.0,0.5,0.5,1.0,1.0,,,b
0.166665,1.0,0.0,0.5,0.0,1.0,0.0,0.596175,0.0,0.333335,0.333335,0.0,0.03732,0.0,0.166665,0.0,,,g
0.5,0.5,1.0,1.0,0.0,1.0,1.0,1.0,0.0,1.0,0.5,0.5,1.0,0.0,0.0,0.0,,,b
1.0,1.0,1.0,1.0,0.625,1.0,1.0,1.0,1.0,1.0,1.0,1.0,0.960005,1.0,0.5,1.0,,,g
0.5,0.5,0.5,0.5,0.5,0.5,0.0,1.0,0.0,1.0,1.0,1.0,0.5,0.5,0.0,0.0,,,b
0.363995,0.50668,0.40525,0.476415,0.394355,0.48694,0.38395,0.49977,0.37438,0.51502,0.366025,0.53278,0.342375,0.547565,0.35474,0.57598,,,g
0.03125,0.40104,0.364585,0.4375,0.0,0.385415,0.875,0.520835,0.75,0.0,0.953125,0.416665,0.390625,0.40104,0.5,0.5,,,b
0.595415,0.59043,0.60689,0.612135,0.61784,0.636905,0.627765,0.66465,0.63613,0.695115,0.64238,0.72791,0.646,0.76247,0.64652,0.798075,,,g
0.864155,0.0,0.3373,0.0,0.75397,1.0,1.0,1.0,0.68254,0.914685,0.0,0.0,0.0,0.844195,1.0,1.0,,,b
0.426375,0.929205,0.44903,0.891585,0.546925,0.99272,0.48849,0.936465,0.487055,0.922735,0.481795,0.875405,0.630665,0.924355,0.42759,0.936895,,,g
1.0,1.0,1.0,0.125,0.125,1.0,0.8125,1.0,1.0,1.0,0.0,1.0,1.0,1.0,1.0,1.0,,,b
0.441415,0.982615,0.43139,1.0,0.519425,0.955825,0.477015,0.98119,0.493735,1.0,0.54621,0.99812,0.51864,0.987,0.421835,0.91792,,,g
0.501625,0.500075,0.50054,0.496195,0.49164,0.497985,0.49407,0.517215,0.533195,0.515105,0.534475,0.44012,0.39906,0.428285,0.362695,0.658775,,,b
0.4713,1.0,0.40625,1.0,0.53954,0.87819,0.49803,1.0,0.427295,1.0,0.65402,0.95153,0.500955,1.0,0.538585,0.978315,,,g
0.5,0.5,0.0,1.0,1.0,1.0,0.5,1.0,1.0,1.0,0.0,1.0,1.0,1.0,0.5,0.5,,,b
0.15,0.56997,0.134275,0.58302,0.108805,0.63176,0.11973,0.67752,0.133335,0.74607,0.063365,0.772325,0.145125,0.842295,0.212105,0.798115,,,g
0.5,0.5,1.0,0.5,0.0,1.0,0.4,0.0,1.0,1.0,0.0,0.2,0.0,1.0,0.0,0.0,,,b
0.522725,0.93182,0.454545,0.93182,0.545455,0.977275,0.514485,0.957705,0.522725,0.954545,0.545455,0.886365,0.545455,0.93182,0.5,1.0,,,g
0.5,0.5,0.0,1.0,0.5,0.5,0.0,0.0,0.0,1.0,0.5,0.5,0.0,1.0,0.0,1.0,,,b
0.52941,0.95588,0.52941,0.985295,0.441175,0.97059,0.513,0.963315,0.514705,0.92647,0.514705,0.941175,0.558825,0.882355,0.5,1.0,,,g
1.0,0.574695,0.338415,0.0,0.0,1.0,0.48211,0.0,0.0,1.0,0.0,0.0,0.0,0.34299,1.0,1.0,,,b
0.548595,0.78709,0.54767,0.80075,0.394735,0.76316,0.54484,0.827095,0.605265,0.710525,0.540705,0.851505,0.538155,0.86275,0.526315,1.0,,,g
0.5,0.5,0.5,0.5,0.5,0.5,0.24359,0.19231,0.5,0.5,0.096155,0.326925,0.871795,0.32372,0.964745,0.65705,,,b
0.636365,0.863635,0.81818,1.0,0.68182,1.0,0.544335,1.0,0.454545,1.0,0.53875,1.0,0.272725,0.954545,0.363635,1.0,,,g
0.5,0.5,0.75,1.0,0.5,0.5,1.0,1.0,1.0,0.0,0.0,1.0,1.0,0.0,0.5,0.5,,,b
0.49084,0.644925,0.5,0.68182,0.5,0.636365,0.49116,0.67221,0.454545,0.68182,0.59091,0.636365,0.454545,0.68182,0.5,0.727275,,,g
0.5,0.5,0.5,0.5,0.5,0.5,0.758065,1.0,0.616935,0.649195,0.5,0.5,0.0,0.0,0.5,0.5,,,b
0.5,1.0,0.785715,1.0,0.52591,1.0,0.524455,1.0,0.357145,0.642855,0.5,1.0,0.357145,1.0,0.518085,1.0,,,g
1.0,1.0,1.0,1.0,1.0,1.0,1.0,1.0,0.0,1.0,1.0,1.0,1.0,1.0,0.0,1.0,,,b
0.78776,0.466305,0.782865,0.62987,0.69881,0.76399,0.55242,0.845485,0.375785,0.84637,0.21285,0.757785,0.106505,0.594115,0.085595,0.37994,,,g
0.0,1.0,1.0,1.0,1.0,1.0,1.0,1.0,1.0,1.0,0.0,1.0,1.0,1.0,1.0,1.0,,,b
0.732855,0.557865,0.74562,0.57156,0.76724,0.611535,0.77107,0.63489,0.77637,0.6667,0.77842,0.71273,0.77106,0.742175,0.7609,0.76696,,,g
0.5,0.5,0.0,0.0,0.5,0.5,1.0,1.0,0.5,0.5,1.0,1.0,1.0,0.0,0.5,0.5,,,b
0.779175,0.262905,0.821815,0.30734,0.85727,0.334155,0.89002,0.395025,0.8989,0.463195,0.944345,0.50247,0.928075,0.56856,0.92976,0.627695,,,g
1.0,0.0,1.0,0.0,0.0,1.0,0.0,1.0,0.5,1.0,0.0,0.0,0.0,0.0,0.0,1.0,,,b
0.65577,0.38077,0.61948,0.36683,0.647705,0.38084,0.67488,0.4003,0.70003,0.425285,0.72212,0.45572,0.714425,0.48269,0.7875,0.45096,,,g
1.0,1.0,0.0,1.0,1.0,1.0,0.0,1.0,0.0,1.0,0.0,1.0,1.0,1.0,1.0,1.0,,,b
0.87121,0.448555,0.88851,0.48519,0.902195,0.537485,0.892705,0.584065,0.88105,0.63416,0.87811,0.676445,0.840795,0.721225,0.85199,0.744345,,,g
0.5,0.5,1.0,0.0,0.5,0.5,0.0,1.0,0.5,0.5,0.5,0.5,0.5,0.5,0.5,0.5,,,b
0.675475,0.218845,0.70366,0.23427,0.750655,0.266005,0.792765,0.30601,0.82854,0.353545,0.856635,0.407605,0.884845,0.43968,0.880855,0.52343,,,g
0.5,0.5,1.0,0.0,0.5,0.5,1.0,1.0,0.5,0.5,1.0,1.0,0.5,0.5,0.5,0.5,,,b
0.56278,0.71076,0.452695,0.735145,0.35081,0.716135,0.25804,0.65203,0.194725,0.54781,0.17831,0.417755,0.221975,0.266815,0.34529,0.1861,,,g
1.0,1.0,1.0,1.0,0.0,1.0,1.0,1.0,0.0,1.0,0.0,1.0,0.0,1.0,0.0,1.0,,,b
0.749155,0.65294,0.748605,0.67535,1.0,0.562365,0.741,0.72087,0.787745,0.97265,0.72436,0.7656,0.71264,0.786995,0.485775,0.821665,,,g
0.5,0.5,0.5,0.5,0.5,0.5,1.0,1.0,0.5,0.5,0.5,0.5,0.5,0.5,0.5,0.5,,,b
0.4987,1.0,0.535305,0.989225,0.50409,0.987365,0.52178,0.976215,0.540505,0.96637,0.53549,0.98179,0.5249,0.98885,0.49647,0.992755,,,g
0.0,0.0,0.0,0.0,0.5,0.5,0.0,1.0,0.5,0.5,1.0,1.0,1.0,0.0,0.5,0.5,,,b
0.54673,0.77316,0.54523,0.78233,0.5338,0.69114,0.54152,0.799675,0.590325,0.920165,0.536905,0.815385,0.53428,0.822515,0.47669,0.817015,,,g
0.619565,0.78261,0.46739,1.0,0.76923,0.85535,0.61108,0.94631,0.23077,1.0,0.887125,0.801005,0.62291,0.824415,0.593645,0.85368,,,b
0.214815,1.0,0.364475,0.93746,0.510185,0.894445,0.377255,0.96074,0.367595,0.84815,0.610185,1.0,0.40031,0.991075,0.47037,0.91111,,,g
0.64397,0.40467,0.65564,0.453305,0.57393,0.42607,0.63128,0.46988,0.64241,0.48753,0.649805,0.53891,0.54864,0.624515,0.624515,0.52529,,,b
0.484125,0.8125,0.493055,0.844245,0.43254,0.80853,0.493815,0.806455,0.51984,0.75,0.51885,0.795635,0.48611,0.739085,0.507935,0.801585,,,g
0.445815,0.536945,0.527095,0.522165,0.4532,0.470445,0.47537,0.640395,0.58128,0.53941,0.51478,0.534485,0.50739,0.534485,0.39655,0.43596,,,b
0.47651,0.826065,0.474275,0.894295,0.52405,0.816555,0.491635,0.849225,0.45246,0.856265,0.558725,0.80481,0.49329,0.81264,0.4547,0.8434,,,g
0.5,0.5,0.0,0.531645,0.5,0.5,0.0,0.52785,0.67848,0.4481,0.668355,0.4,0.840505,0.503795,0.5,0.5,,,b
0.415865,0.958735,0.40729,0.94212,0.43569,0.92176,0.425485,0.941225,0.402465,0.950695,0.437835,0.914255,0.427115,0.93998,0.48821,0.95391,,,g
0.5,0.5,0.5,0.5,0.121875,0.360415,0.0,0.0,0.295835,0.99375,0.5,0.5,0.5,0.5,0.408335,0.795835,,,b
0.438825,0.93393,0.43774,0.91762,0.434745,0.92768,0.44096,0.932265,0.42931,0.9149,0.440455,0.944535,0.43937,0.94209,0.47988,0.947255,,,g
0.45222,0.953335,0.55889,1.0,0.5,0.5,0.0,1.0,0.5,0.5,0.406665,1.0,0.48,1.0,0.5,0.5,,,b
0.424285,0.910715,0.475,0.907145,0.447855,0.912855,0.456655,0.90799,0.465715,0.885,0.475,0.92143,0.457855,0.884285,0.440715,0.905,,,g
0.5,0.5,0.5,0.5,0.5,0.5,1.0,1.0,0.5,0.5,0.5,0.5,0.5,0.5,0.5,0.5,,,b
0.457145,0.794805,0.472725,0.772725,0.516885,0.715585,0.4836,0.766075,0.5,0.796105,0.494805,0.745455,0.483115,0.742855,0.494805,0.776625,,,g
0.5,0.5,0.5,0.5,0.5,0.5,0.0,1.0,0.5,0.5,0.5,0.5,0.5,0.5,0.5,0.5,,,b
0.489915,0.511245,0.47929,0.51112,0.46482,0.505165,0.44879,0.489555,0.43628,0.46109,0.43518,0.41911,0.454875,0.367615,0.50339,0.31662,,,g
1.0,1.0,0.5,0.5,0.5,0.5,0.0,1.0,0.5,0.5,0.0,1.0,1.0,1.0,1.0,0.0,,,b
0.583225,0.7573,0.47031,0.781195,0.350515,0.762865,0.24216,0.69272,0.167895,0.57776,0.14619,0.434935,0.185695,0.30833,0.30949,0.16263,,,g
0.5,0.5,0.5,0.5,0.5,0.5,0.613335,1.0,0.5,0.5,0.0,1.0,0.5,0.5,0.0,0.0,,,b
0.78828,0.673745,0.694575,0.790685,0.547995,0.86239,0.377835,0.860735,0.22045,0.77992,0.11215,0.63192,0.088915,0.448815,0.133575,0.26525,,,g
0.60234,0.560985,0.56648,0.57539,0.442955,0.638285,0.44062,0.668685,0.468525,0.63971,0.38607,0.51334,0.072015,0.442955,0.276925,0.348425,,,g
0.89722,0.480085,0.850055,0.68771,0.745395,0.83296,0.54359,0.91504,0.36133,0.895715,0.13773,0.755545,0.05468,0.562195,0.061065,0.40323,,,g
0.45427,0.80686,0.495185,0.808665,0.52226,0.75692,0.510095,0.802315,0.570395,0.829725,0.515645,0.7503,0.55054,0.794825,0.5,0.83574,,,g
0.608455,0.80147,0.53729,0.77958,0.5432,0.65441,0.53562,0.808635,0.420955,0.86489,0.375,0.76011,0.52114,0.837315,0.525735,0.805145,,,g
0.54661,0.753045,0.546035,0.766945,0.62846,0.775385,0.543835,0.794015,0.463845,0.80077,0.540205,0.81939,0.537865,0.831165,0.58154,0.80846,,,g
0.506135,0.822035,0.50595,0.83312,0.55799,0.811175,0.50548,0.85412,0.478785,0.89816,0.50489,0.873175,0.504545,0.881825,0.48232,0.889675,,,g
0.586955,0.723915,0.573915,0.676085,0.519565,0.69348,0.53454,0.708945,0.49565,0.736955,0.44348,0.66087,0.486955,0.71087,0.573915,0.71087,,,g
0.712335,0.363305,0.758505,0.37242,0.780075,0.40887,0.80348,0.440375,0.815915,0.45626,0.86118,0.51033,0.84052,0.547995,0.81774,0.647935,,,g
0.72267,0.285925,0.77261,0.298545,0.80474,0.341435,0.845935,0.385805,0.87798,0.42428,0.89935,0.49133,0.91081,0.548545,0.898885,0.605685,,,g
0.52986,0.25596,0.59586,0.235885,0.63626,0.24843,0.703765,0.268925,0.752445,0.29724,0.81305,0.348685,0.83463,0.398995,0.881305,0.454205,,,g
0.63046,0.09395,0.71244,0.123395,0.76282,0.160355,0.831675,0.207185,0.88241,0.26733,0.91246,0.334885,0.946915,0.4056,0.965545,0.496495,,,g
0.52697,0.17972,0.568335,0.17145,0.63669,0.177445,0.70486,0.19836,0.76943,0.2343,0.826925,0.284565,0.880965,0.32002,0.889265,0.41805,,,g
0.36391,0.44053,0.37676,0.40019,0.40143,0.3623,0.43757,0.33029,0.483855,0.307585,0.53794,0.297335,0.59432,0.317045,0.68409,0.21932,,,g
0.64971,0.704105,0.64662,0.71742,0.64287,0.73108,0.638435,0.745065,0.633265,0.75936,0.536425,0.84437,0.639075,0.82616,0.569535,0.771525,,,g
0.5759,0.780835,0.594485,0.720705,0.66224,0.5759,0.589755,0.74545,0.686905,0.766605,0.52941,0.66034,0.536055,0.86338,0.58444,0.84725,,,g
0.45096,0.711115,0.451895,0.721385,0.457315,0.763065,0.45436,0.743295,0.38589,0.73519,0.457735,0.76715,0.459805,0.77985,0.50697,0.85627,,,g
0.481635,0.96113,0.48268,0.96387,0.470785,1.0,0.48483,0.96886,0.510015,0.99082,0.487045,0.97318,0.48818,0.97508,0.45576,0.95576,,,g
0.24227,0.726805,0.52062,0.737115,0.368555,0.57732,0.437765,0.76698,0.59794,0.853095,0.541235,0.71134,0.592785,0.773195,0.3634,0.75,,,g
0.683605,0.845265,0.599205,0.83158,0.538105,0.808315,0.58852,0.843875,0.615475,0.823325,0.576795,0.854755,0.37298,0.816395,0.6097,0.81755,,,g
0.45955,0.80337,0.55281,0.773035,0.48202,0.7382,0.50412,0.78294,0.52472,0.732585,0.48202,0.78764,0.570785,0.78427,0.46292,0.823595,,,g
0.47411,0.652105,0.4466,0.745955,0.46602,0.65696,0.5002,0.725525,0.47249,0.762135,0.608415,0.695795,0.574435,0.823625,0.44984,0.73463,,,g
0.476545,0.75679,0.4642,0.806175,0.51111,0.882715,0.487745,0.818865,0.4358,0.833335,0.54074,0.80494,0.50494,0.74321,0.44568,0.869135,,,g
0.5339,0.750845,0.48644,0.794915,0.498305,0.79322,0.50375,0.78631,0.48305,0.764405,0.48305,0.857625,0.50339,0.7661,0.488135,0.784745,,,g
0.49029,0.686895,0.5,0.63107,0.58738,0.6966,0.519075,0.682735,0.424755,0.65534,0.62864,0.59466,0.529125,0.674755,0.502425,0.71602,,,g
0.687325,0.332585,0.720975,0.326415,0.779025,0.418955,0.80255,0.41722,0.84857,0.417555,0.85642,0.53169,0.86848,0.537575,0.844365,0.641895,,,g
0.51484,0.17933,0.591725,0.17123,0.65398,0.190505,0.7302,0.212065,0.79162,0.24483,0.85838,0.310825,0.90377,0.3691,0.898745,0.439035,,,g
0.32484,0.263995,0.385255,0.226925,0.43269,0.17564,0.511385,0.166745,0.57954,0.17671,0.67767,0.175,0.7406,0.221155,0.80844,0.281465,,,g
0.328165,0.16534,0.410395,0.124005,0.478005,0.12297,0.578095,0.114515,0.65456,0.155745,0.75214,0.172425,0.812815,0.248745,0.87777,0.285945,,,g
0.143635,0.455315,0.145825,0.368055,0.19277,0.26789,0.26781,0.183815,0.365585,0.123635,0.47858,0.093415,0.59444,0.09369,0.70184,0.118475,,,g
0.566485,0.714025,0.349715,0.68293,0.28261,0.621605,0.240375,0.53579,0.2319,0.435515,0.26204,0.334015,0.469945,0.09472,0.469035,0.263205,,,g
0.496765,0.50145,0.49526,0.50048,0.49375,0.4986,0.492625,0.49557,0.492475,0.491225,0.49412,0.48562,0.4986,0.47917,0.50704,0.472845,,,g
0.448455,0.723835,0.43891,0.57801,0.43327,0.7641,0.447145,0.78418,0.476505,0.82425,0.295115,0.92387,0.602445,0.834585,0.522555,0.88064,,,g
0.56599,0.583275,0.56816,0.593835,0.580685,0.632145,0.57157,0.618205,0.57265,0.63218,0.57319,0.647475,0.57308,0.664175,0.57878,0.74079,,,g
0.53754,0.886345,0.53545,0.889315,0.546255,0.929695,0.531175,0.89529,0.5111,0.88668,0.52676,0.901295,0.524505,0.90431,0.512025,0.900095,,,g
0.545965,0.94119,0.60906,0.879675,0.479495,0.89387,0.48546,0.929835,0.454035,0.933305,0.374495,0.89477,0.32988,0.98941,0.495045,0.92226,,,g
0.51375,0.864185,0.55533,0.952045,0.494635,0.862175,0.51276,0.911355,0.493965,0.85882,0.5,1.0,0.45976,0.906105,0.513415,0.85513,,,g
0.49852,0.673075,0.427515,0.659765,0.62574,0.76775,0.516295,0.73257,0.488165,0.739645,0.446745,0.755915,0.51421,0.763835,0.55769,0.7071,,,g
0.38983,0.8371,0.34369,0.769305,0.48964,0.763655,0.415815,0.80722,0.334275,0.780605,0.531075,0.666665,0.498115,0.851225,0.428435,0.90772,,,g
0.375795,0.829085,0.31104,0.863055,0.388535,0.83121,0.38344,0.870575,0.369425,0.92463,0.483015,0.94692,0.421445,0.895965,0.449045,0.80998,,,g
0.497285,0.89538,0.44565,0.892665,0.483695,0.92935,0.448945,0.918525,0.40625,0.92527,0.360055,0.986415,0.47011,0.932065,0.516305,0.91712,,,g
0.493085,0.805335,0.534585,0.687745,0.395255,0.800395,0.439795,0.809235,0.44763,0.83597,0.35672,0.832015,0.37352,0.896245,0.44071,0.81818,,,g
0.477825,0.781595,0.44124,0.768295,0.48559,0.799335,0.442725,0.76965,0.399115,0.707315,0.432375,0.75388,0.40244,0.73947,0.47672,0.764965,,,g
0.122015,0.40344,0.1665,0.34744,0.19571,0.22634,0.272445,0.162215,0.36822,0.10833,0.459605,0.080285,0.595475,0.09072,0.727675,0.10616,,,g
0.025885,0.550035,0.030235,0.43205,0.071375,0.293885,0.15222,0.174175,0.26547,0.08404,0.40081,0.03191,0.5302,0.03873,0.681,0.045025,,,g
0.09157,0.50097,0.089365,0.62696,0.065795,0.485105,0.09062,0.34195,0.161975,0.21379,0.27261,0.115495,0.294575,0.105135,0.496125,0.0,,,g
0.323305,0.702955,0.25766,0.62582,0.19256,0.542125,0.195685,0.41525,0.23523,0.314005,0.30416,0.208425,0.423415,0.143875,0.519695,0.120895,,,g
0.19865,0.797035,0.109715,0.680105,0.064205,0.53905,0.06939,0.388385,0.126325,0.246215,0.229655,0.130155,0.369135,0.05088,0.527975,0.04093,,,g
0.349625,0.82331,0.24397,0.7155,0.17786,0.61354,0.15147,0.49235,0.16993,0.367115,0.232685,0.254175,0.359025,0.18985,0.475565,0.1391,,,g
0.406,0.98389,0.421225,0.98566,0.42542,0.967345,0.43544,0.983265,0.458295,0.98676,0.45543,0.97639,0.47374,0.99647,0.43888,0.98632,,,g
0.4629,0.960245,0.46378,0.959955,0.462605,0.95171,0.470865,0.963475,0.47762,0.960245,0.477915,0.964075,0.489105,0.971145,0.476445,0.97615,,,g
0.39041,0.982875,0.45662,0.92694,0.399545,0.98516,0.45374,0.970215,0.534245,0.96233,0.473745,0.960045,0.55137,1.0,0.393835,0.98516,,,g
0.449155,0.881355,0.42373,0.915255,0.48305,0.83051,0.49867,0.836435,0.57627,0.70339,0.525425,0.932205,0.65254,0.79661,0.51695,0.77966,,,g
0.25,0.541665,0.425955,0.68462,0.430555,0.59722,0.42872,0.707715,0.541665,0.694445,0.48611,0.76389,0.47222,0.73611,0.40278,0.625,,,g
0.172215,0.040485,0.28887,0.0,0.416435,0.0,0.547845,0.0,0.675875,0.0,0.73947,0.0575,0.858495,0.23663,1.0,0.19309,,,g
0.18522,0.401955,0.19773,0.329345,0.404075,0.18344,0.33604,0.14824,0.354505,0.00506,0.514975,0.104265,0.62478,0.149185,0.839945,0.15821,,,g
0.378435,0.741595,0.304165,0.685465,0.270445,0.57345,0.186545,0.47473,0.16102,0.31351,0.255475,0.26294,0.343245,0.189795,0.51964,0.07993,,,g
0.279135,0.87414,0.151935,0.774135,0.07119,0.63665,0.043895,0.47711,0.075245,0.316005,0.16268,0.174605,0.295255,0.06486,0.46791,0.031795,,,g
0.43403,0.88033,0.26976,0.84943,0.148765,0.74452,0.074315,0.598825,0.05959,0.43257,0.10913,0.26995,0.16861,0.167845,0.515955,0.0,,,g
0.462805,1.0,0.42903,1.0,0.541495,1.0,0.465885,1.0,0.38511,1.0,0.486575,1.0,0.44946,1.0,0.5295,1.0,,,g
0.489805,0.893805,0.490215,0.90317,0.490665,0.912135,0.491155,0.92066,0.49168,0.928705,0.457525,0.93746,0.418395,1.0,0.808695,0.920065,,,g
0.45982,0.67286,0.384005,0.65504,0.309705,0.59515,0.256465,0.507615,0.2373,0.412815,0.308565,0.296815,0.382485,0.211525,0.45072,0.150115,,,g
0.433475,0.813825,0.316175,0.78313,0.211755,0.703375,0.14248,0.585205,0.122335,0.444265,0.158315,0.30117,0.24989,0.177105,0.379915,0.091795,,,g
0.63963,0.88431,0.464855,0.91571,0.29672,0.87423,0.157035,0.766145,0.071485,0.607905,0.057045,0.425525,0.119015,0.245345,0.25798,0.11968,,,g
0.48734,0.91772,0.51266,0.765825,0.468355,1.0,0.4723,0.923185,0.310125,0.810125,0.62658,1.0,0.531645,0.968355,0.49367,0.93671,,,g
0.544455,0.77665,0.543785,0.790935,0.508405,0.806725,0.54148,0.81864,0.542015,0.831935,0.537885,0.844475,0.53561,0.856425,0.52101,0.92017,,,g
0.55349,0.92129,0.55067,0.92599,0.54393,0.937985,0.54475,0.934615,0.554265,0.918605,0.538485,0.94215,0.535235,0.945485,0.5,0.97933,,,g
0.46666,0.994855,0.467515,0.995285,0.46848,0.997,0.472365,0.99921,0.475345,1.0,0.474805,1.0,0.480595,1.0,0.48274,0.99657,,,g
0.51188,0.933665,0.52079,0.936635,0.50099,0.940595,0.508055,0.94501,0.51188,0.946535,0.49109,0.943565,0.50396,0.952475,0.50693,0.971285,,,g
0.51064,0.968085,0.50532,1.0,0.51241,0.973405,0.516235,0.971525,0.52305,0.950355,0.5461,1.0,0.539005,0.93085,0.484045,0.94858,,,g
0.62121,0.69697,0.53205,0.70928,0.48485,0.666665,0.53071,0.73181,0.529645,0.74263,0.42424,0.651515,0.59091,0.89394,0.51515,0.757575,,,g
0.5091,0.70478,0.401595,0.730945,0.31456,0.661545,0.234365,0.5768,0.20023,0.48578,0.211605,0.337315,0.288965,0.25256,0.43174,0.153015,,,g
0.5433,0.800365,0.413285,0.806085,0.28957,0.76207,0.18852,0.667655,0.13072,0.534555,0.130725,0.38286,0.187785,0.24111,0.328625,0.13218,,,g
0.731505,0.877475,0.549,0.94327,0.359385,0.929885,0.190205,0.83769,0.07316,0.68159,0.03106,0.48875,0.073975,0.29227,0.203105,0.140685,,,g
0.89895,0.58879,0.50123,0.69335,1.0,1.0,0.465845,0.927355,0.27025,0.86896,0.397785,0.62808,0.03202,0.472905,0.08744,0.26724,,,g
0.666665,0.545455,0.68182,0.62121,0.78788,0.98485,0.561655,0.864805,0.30303,1.0,0.28788,0.78788,0.21212,0.742425,0.07576,0.454545,,,g
0.4939,0.987805,0.52744,1.0,0.504575,0.95427,0.51113,0.94833,0.52439,0.998475,0.52744,0.957315,0.512195,0.95427,0.4939,0.971035,,,g
0.5,0.962765,0.590425,0.962765,0.53369,0.8883,0.540825,0.947635,0.579785,0.955675,0.53546,0.90248,0.503545,0.957445,0.496455,0.975175,,,g
0.535865,0.90387,0.534,0.90855,0.48227,0.87234,0.53007,0.917145,0.55674,0.93617,0.52589,0.924655,0.523715,0.927985,0.521275,0.975175,,,g
0.512205,0.90044,0.51154,0.903785,0.54348,0.90994,0.510165,0.910555,0.47826,0.897515,0.508745,0.91743,0.508015,0.92091,0.51242,0.92857,,,g
0.549735,0.99467,0.531085,0.99556,0.540855,0.974245,0.532385,0.9877,0.51776,0.992005,0.52753,0.97247,0.52398,0.98579,0.52842,0.992895,,,g
0.51381,0.99337,0.510495,0.99282,0.507735,0.989505,0.508,0.990165,0.496685,0.985635,0.510495,0.99061,0.503315,0.990055,0.508285,0.989505,,,g
0.550335,1.0,0.550335,1.0,0.542505,0.995525,0.543815,0.999945,0.550335,1.0,0.536915,0.978745,0.54698,0.99888,0.517895,1.0,,,g
0.514115,0.78143,0.39229,0.771045,0.283085,0.722845,0.19661,0.63014,0.15113,0.50403,0.15937,0.363115,0.23038,0.23748,0.335185,0.15341,,,g
0.77426,0.852775,0.601795,0.939465,0.406375,0.947075,0.223845,0.870525,0.08923,0.722415,0.02914,0.529325,0.055005,0.33823,0.172695,0.149185,,,g
0.63211,0.56688,0.6027,0.607215,0.52807,0.655025,0.44251,0.697995,0.4072,0.641535,0.35542,0.546725,0.050045,0.42787,0.25557,0.34739,,,g
0.87178,0.407335,0.88382,0.602745,0.795355,0.725925,0.618565,0.87379,0.406775,0.8715,0.23936,0.783315,0.11842,0.61646,0.06999,0.476205,,,g
0.33206,0.349235,0.58397,0.41603,0.63168,0.480915,0.65546,0.519565,0.62346,0.608225,0.419845,0.64313,0.440235,0.67006,0.412215,0.59351,,,g
0.54308,0.986235,0.54063,0.99095,0.54044,0.978505,0.536275,0.983545,0.540535,0.970775,0.531205,1.0,0.52762,0.98869,0.526395,0.96776,,,g
0.50607,0.892195,0.4789,0.85029,0.46185,0.87023,0.486345,0.883585,0.48815,0.872255,0.46994,0.89422,0.48815,0.933815,0.53179,0.89162,,,g
0.4585,0.644715,0.456815,0.66116,0.44847,0.67794,0.45481,0.69573,0.49718,0.72504,0.455055,0.731205,0.456145,0.74868,0.52496,0.791065,,,g
0.507625,0.819435,0.50742,0.83149,0.504245,0.830805,0.506875,0.85443,0.498485,0.88569,0.50616,0.875355,0.50574,0.884895,0.519405,0.882655,,,g
0.740435,0.56967,0.62295,0.77664,0.538935,0.93784,0.58544,0.84328,0.534835,0.80328,0.503415,1.0,0.275275,0.737705,0.556695,0.89276,,,g
0.478465,0.95273,0.44643,0.9333,0.564075,1.0,0.500615,0.917395,0.47899,0.97689,0.53309,0.887605,0.505775,0.938025,0.53309,0.983195,,,g
0.52356,0.957415,0.499825,0.97033,0.54084,0.965795,0.524625,0.96761,0.506805,0.9726,0.550435,0.96562,0.54206,0.96335,0.53019,0.97417,,,g
0.497115,0.963485,0.50221,0.962295,0.51121,0.9606,0.51271,0.962445,0.515965,0.96994,0.53074,0.94735,0.538385,0.95703,0.506965,0.96892,,,g
0.418785,0.937015,0.481215,0.98011,0.41381,0.914915,0.4612,0.945735,0.489505,0.95525,0.4884,0.960775,0.506075,0.943645,0.43536,0.903865,,,g
0.469245,0.92882,0.46661,0.878735,0.496485,0.891035,0.47589,0.905735,0.42443,0.932335,0.52197,0.85501,0.45255,0.90861,0.482425,0.93585,,,g
