0.763523308822245,0.369036394493683,0.766105853487557,0.361099206281179,0.766894311215133,0.361099206281179,0.760134840095716,0.361099206281179,0.726354950832271,0.321430408173761,0.656570404024579,0.271651132730118,0.550337433424125,0.225305216426193,0.403978498305201,0.215997649945569,0.240131970544719,0.272350513653525,0.099013786513787,0.388428719340212,0,0.538455857918251,0,0.775339702356031,0,1,0.065214948019107,1,0.112303013547139,1,0.150124052282146,0.934618260363878,0.190976412506857,0.786884084913511,0.249993268169211,0.5781231542888,0.321991690013128,0.456004838430966,0.402666335787355,0.399124635264694,0.524319868095631,0.324548107165865,0.65217757797134,0.299575290279069,0.752068705225528,0.30737770223615,0.802180096114777,0.340003456022119,0.830183946488294,0.392152876600935,0.836505275613845,0.410158623017212,0.803915889474599,0.391480526439168,0.727532930721853,0.32170185690605,0.617647953287513,0.28794271402397,0.491014349178831,0.328184941788705,0.349689165186501,0.39130366729797,0.212501615613287,0.492963273948598,0.091767285101927,0.62583306750511,0.076929195234081,0.755557018410023,0.10477841586304,0.878597159537907,0.140345573007211,1,0.181319773882908,1,0.199997278948586,1,0.18635167042093,0.984125623574992,0.182799883257126,0.785126474946,0.239140207923574,0.611110085476397,0.323118132461585,0.448568888888889,0.452780330882353,0.351558413068057,0.59399608378999,0.265310920418479,0.721928090571045,0.243074755423224,,,1
0.557438038181405,0.182538185932491,0.562705923589204,0.182538185932491,0.560809040574293,0.182538185932491,0.560809040574293,0.182538185932491,0.557438038181405,0.174600997719987,0.531986004491096,0.153530852438941,0.486580732464739,0.134397677793904,0.413907624884445,0.123999930880752,0.315793949082499,0.121959785758188,0.194717444717445,0.152879431611268,0.081440191306984,0.209393346379648,0.065084050965936,0.295150915388422,0.008616719406932,0.409082794815952,0,0.484205420481416,0,0.64538811526265,0,0.834626568081748,0,1,0,1,0,1,0,0.986850581681761,0.027023628208532,0.82894387813104,0.108696262995223,0.628697982173128,0.190093002720294,0.459021617889202,0.281843274067224,0.332002764817695,0.377355072463768,0.250982584536152,0.468663276374547,0.207036787040162,0.563024966691769,0.193797930410904,0.657970058893168,0.228689114746413,0.735295906575026,0.280160024205342,0.796402643840069,0.347483070353938,0.822094646028927,0.340575059869461,0.806255654646504,0.313379210475078,0.746834200451556,0.25497051094807,0.655377567090339,0.20635573694951,0.538922341067752,0.169323561481236,0.412284016870493,0.150337408589096,0.326918160384058,0.153352471913214,0.255261833172338,0.219084400616709,0.173229842320949,0.408722335556203,0.086014481675538,0.545457791106589,0.035332958696263,0.722210940240368,0.005573236941776,0.82304,0.019445082720588,0.878904470207057,0.046318339977742,0.823130950981544,0.077549384166655,0.772304338579328,,,1
0.631757287827712,0.119040680232458,0.637276550998948,0.119040680232458,0.6351282902206,0.119040680232458,0.6351282902206,0.119040680232458,0.6351282902206,0.119040680232458,0.622904590318032,0.114174433634941,0.550337433424125,0.098813284384872,0.400674495840038,0.099998272018801,0.240131970544719,0.142277636315743,0.118823368823369,0.26032703773787,0.035836378639632,0.397426429863752,0.032549673432553,0.616754843375329,0.020115582891355,0.814059766503624,0.067940432705816,0.83158006426969,0.109621233066077,0.914901113715398,0.134045767668787,1,0.172408118486012,0.946725447495618,0.21874410964806,0.664067905297086,0.308904137399001,0.46400552963539,0.413337193591971,0.364034256697866,0.551343496304162,0.280704081245974,0.698370328744029,0.270046116549097,0.818181818181818,0.262300596660824,0.886189455396298,0.280006912044237,0.908361204013378,0.298028054482618,0.880104807922577,0.289065136685791,0.79832589932225,0.255818626301865,0.663769462468718,0.232556971351071,0.497050057782374,0.225681195474946,0.365261675154405,0.339760483036995,0.269934661253489,0.45289486453067,0.175003231226574,0.595076421339564,0.107588102483557,0.718541554315501,0.086155608227415,0.787305531784171,0.083819636858969,0.840255061902199,0.093558676361658,0.852937854702544,0.14559838650115,0.734824854390372,0.207888328049959,0.607779083790014,0.283455912285939,0.515865804947457,0.373660583992328,0.347096520823292,0.491851643720146,0.226503221518637,0.610031826495197,0.152266666666667,0.736112706801471,0.167957609814543,0.841956978038232,0.19727871164923,0.919782695843298,0.221541365376436,,,1
0.618238345588877,0.412699501140007,0.606782334384858,0.416659523768707,0.61147887446946,0.416659523768707,0.624997816708295,0.416659523768707,0.631757287827712,0.416659523768707,0.606071683464759,0.409449622423294,0.496643014520914,0.387347391786903,0.357619748690382,0.37599142921325,0.24341422764919,0.365844235665993,0.145219082719083,0.376021992930844,0.074922955154006,0.393161761990917,0.100601128837359,0.409698169223157,0.094828482714564,0.409082794815952,0.157614498454622,0.357894258170133,0.219256289742881,0.358150650305621,0.297586871248978,0.380775940849049,0.395227646736149,0.3852445955277,0.486980639254652,0.351575288141886,0.581157713806218,0.356004838430966,0.666666666666667,0.394747811588162,0.759456173934914,0.403501458941225,0.855984827198651,0.417728440968994,0.93112386595075,0.418034383243923,0.94580583694114,0.427993779160187,0.91644370122631,0.427441214338958,0.84740868046262,0.421869726628417,0.742295661240804,0.410853621780918,0.617389219403276,0.403111029251712,0.494115321452466,0.412465751122018,0.383232976796743,0.440154118157254,0.288346866277594,0.43478533080812,0.206249192193356,0.436620789524922,0.136072118058964,0.430460052097563,0.113850754816028,0.422218199372436,0.113771806262867,0.415331318233889,0.146195824704086,0.392156309117091,0.233517029798597,0.341858282496481,0.331573720085441,0.332152833961746,0.414701332537249,0.392847959131195,0.494628438008144,0.376033131616059,0.586962629952234,0.38460686395776,0.682455104480191,0.390951111111111,0.783332375919118,0.417961828583,0.863749700649415,0.404769601504643,0.927800279233077,0.403073160357295,,,2
0.847973031980857,0.472219841256236,0.850841219768665,0.476179863884936,0.851361500707387,0.472219841256236,0.854732503100274,0.468242675672432,0.854732503100274,0.468242675672432,0.855223075182342,0.464555411932784,0.828854461234191,0.458499103560147,0.751669120416339,0.447996405799105,0.654597710923284,0.434963561331109,0.54786036036036,0.429754721696598,0.449520890520537,0.444448547059041,0.399406519112226,0.462566132531496,0.327583901591122,0.450408797172338,0.288044394492835,0.392984902685988,0.262026541332596,0.40780060358166,0.254688344629714,0.446157680485171,0.281171146461876,0.487703829606416,0.335931820017772,0.449231340387114,0.416230189343186,0.459996543977881,0.506672732787382,0.504395770965175,0.608101499294367,0.508772594641707,0.720118010677157,0.502123548604655,0.820944839274778,0.491811405605425,0.886189455396298,0.5,0.943394648829432,0.513722301280748,0.983644892726837,0.527337158285521,0.994395528007878,0.531010347945481,0.971017967661207,0.531001456725215,0.911760233562435,0.5369719789548,0.835332724486479,0.536678119891917,0.745400913473737,0.503623471959179,0.634370557063461,0.492963273948598,0.509489218284742,0.473517071893779,0.399996818478278,0.457148421214316,0.299397860780459,0.450485142092115,0.222218862904567,0.44117231837818,0.20055108939579,0.399356833301129,0.210527747921797,0.395762414324749,0.230968599886015,0.488094217681244,0.268814364932664,0.479337367678823,0.350547906715369,0.491443129580741,0.451259378735293,0.481475555555556,0.566664751838235,0.488280261226143,0.673024638314058,0.452377453861526,0.772729157739042,0.436915142492556,,,2
0.831083087349135,0.432533900193715,0.837276550998948,0.440471088406219,0.831083087349135,0.436511065777519,0.82095261383683,0.436511065777519,0.8175641451103,0.440471088406219,0.814820617264609,0.433073678481529,0.77516004233098,0.418970374797234,0.685434998459273,0.399993088075202,0.588816516725906,0.390236192817631,0.511551324051324,0.384287193402121,0.423451945908624,0.388878632352398,0.372776358658244,0.4008868420051,0.295984311628114,0.400817594344675,0.266310761449845,0.361395743648821,0.248659109759469,0.382983286609372,0.241285153921854,0.430771786990114,0.262602852441031,0.471308935748305,0.309893098527075,0.445316323258914,0.376967531500805,0.451995852773458,0.46400308820691,0.491227405358293,0.562158536755767,0.482454810716587,0.668488339421186,0.472576146989665,0.763092304843832,0.467219064818258,0.821150855365474,0.472006220839813,0.876017279821628,0.478433963542726,0.92370434023131,0.492186972662842,0.952383710826623,0.5,0.962311369528405,0.503876228588651,0.926464326987409,0.505841219680288,0.859278980852282,0.521232945258031,0.769934661253489,0.492760882154988,0.659380250743182,0.475348641939252,0.541130853048002,0.447024845760028,0.443074622591986,0.422218199372436,0.35329628655016,0.415331318233889,0.277773578630709,0.405229127255273,0.247251654688521,0.373809589532669,0.226309846124543,0.371032987833733,0.204724943686053,0.448408276618723,0.201603824718914,0.44627715596494,0.247288564203428,0.465818671885096,0.311986059707081,0.444444444444444,0.405560661764706,0.441401306130714,0.51498161635229,0.404769601504643,0.6229938762251,0.390764568268822,,,2
0.780413253453968,0.753964308367476,0.779652996845426,0.75794147395128,0.777024784727438,0.76190149657998,0.77365378233455,0.76190149657998,0.77365378233455,0.734129909313768,0.781154803558062,0.657476699095176,0.785222324387155,0.577068214804064,0.77815249768891,0.51599246600197,0.786177105831533,0.451224866098867,0.795369232869233,0.388428719340212,0.81760158973409,0.337610309049958,0.843201737614146,0.286339588170365,0.862073063838005,0.223142561319576,0.885866816521495,0.178939550112169,0.917113630080177,0.205677344240697,0.941009328177194,0.292315360970341,0.941648381788261,0.401639489385811,0.92188383552791,0.453129482441486,0.910999228551707,0.53599447036461,0.90400363967243,0.666660350903786,0.910810848575461,0.719295918754026,0.92663669570104,0.755272415741602,0.947659265378206,0.762291744126343,0.932257296176425,0.772006220839814,0.91644370122631,0.78823609134648,0.907349232958147,0.808589267634154,0.907562416729421,0.790696895616356,0.915946112001918,0.759690571471627,0.911760233562435,0.75097073506917,0.931133229107008,0.729726123361244,0.960130677493022,0.634052810342938,0.98749515316014,0.566905179127726,1,0.483444504365066,1,0.41270050249051,1,0.354629898002843,1,0.300660699664003,1,0.226833577166202,1,0.183745744859485,1,0.218246961411208,1,0.227280029989825,1,0.290601288607455,1,0.374488888888889,1,0.464840783678429,1,0.493196779123075,1,0.510766695023394,,,3
0.655406703578852,0.753964308367476,0.657623554153523,0.75794147395128,0.655406703578852,0.75794147395128,0.655406703578852,0.753964308367476,0.65877770597174,0.734129909313768,0.659930022455481,0.688975440506157,0.647646640412207,0.65612567232989,0.625826000616291,0.628000207357744,0.621707113824595,0.569110545262973,0.610565110565111,0.47934592452426,0.60586719657803,0.376066166968209,0.636095262860027,0.273132112815438,0.652300515517523,0.173551358491913,0.679348131497612,0.084202388892257,0.711224771910423,0.049634633944575,0.742622700874603,0.080767633131179,0.753318705430609,0.176218551371258,0.742184344454318,0.2617155200054,0.746071704088676,0.36400552963539,0.752005955827612,0.517545189283414,0.759456173934914,0.614024783053545,0.782607474009553,0.683545688193799,0.804409439847322,0.721322214550026,0.788617544449582,0.756004838430966,0.754710144927536,0.796079826523006,0.735698085564963,0.824215322308471,0.728291722180386,0.825575164930846,0.7362245433157,0.813957771712741,0.764704093424974,0.78600124388563,0.790427689116604,0.760616472629016,0.800621669626998,0.684781417771447,0.800003231226574,0.605633031542056,0.778475835214816,0.499994993369791,0.756915832842849,0.396819388673118,0.733526306827856,0.3067091769837,0.713443485359254,0.209150972696728,0.708789023662756,0.095853921108566,0.702629896191889,0,0.690286861888349,0,0.690867649715787,0.004141452007355,0.711955605507165,0.098288625916148,0.735379253733493,0.226346666666667,0.769445082720588,0.3671847314332,0.7983574457295,0.462589632067709,0.823530224907037,0.529229583156104,,,3
0.685815590449409,0.793650249429997,0.681352961794602,0.801587437642501,0.675685116937104,0.805547460271201,0.672296648210574,0.805547460271201,0.679056119329991,0.789673083846193,0.696972861942312,0.736223552622627,0.694627088357246,0.711465892597968,0.685434998459273,0.699987904131603,0.694069828744409,0.666660813065238,0.696372508872509,0.603306080188511,0.703592058065711,0.54273898755677,0.727809474279946,0.48458493510448,0.738512278825155,0.392552393873398,0.763585276763136,0.266658582428909,0.780757533867846,0.198584493772692,0.790885275895048,0.142311207111406,0.779840921557872,0.094261787149661,0.747394781484773,0.054692114278,0.730372054623953,0.075997926386729,0.720007169051755,0.171056121868961,0.729721799153241,0.289476675887681,0.760873840966564,0.417728440968994,0.785125261703673,0.524583488252687,0.777787118378098,0.604008985657508,0.765496098104794,0.666666666666667,0.757490808176145,0.718747890651367,0.761904072293344,0.736428786711764,0.773913173787295,0.74030105654438,0.788227601727389,0.731522415155234,0.808383511601628,0.706558361410415,0.822094646028927,0.60869633270203,0.815626211709965,0.524648315809969,0.794296652596446,0.430460052097563,0.772314397976552,0.355553178417045,0.751497608470195,0.287538128165845,0.739762059530468,0.209150972696728,0.741754964065563,0.105432412289177,0.747363981442429,0.031797157642461,0.745406681683719,0.06348036274493,0.739246452545411,0.086774130205823,0.75,0.183765022984474,0.763231037313325,0.292177777777778,0.788890165441176,0.417961828583,0.803809148153887,0.48639355824615,0.810162978117527,0.538454381114419,,,3
0.165545910257978,0.043645963691221,0.159323519102699,0.047605986319922,0.155397970412031,0.047605986319922,0.155397970412031,0.047605986319922,0.155397970412031,0.051583151903725,0.161627239020314,0.047231104156745,0.157717596849465,0.039528728762913,0.142397370493375,0.03599384838693,0.115134096358905,0.02033541136184,0.072618072618073,0.012388875004463,0.05212104882033,0.004264667872835,0.100601128837359,0.004415179081186,0.097695770379284,0.008265200471277,0.127718460241641,0.014036257806342,0.139037876693392,0.028371401872022,0.134045767668787,0.061543573980228,0.116703236423478,0.110656681007773,0.091148988879016,0.148433149395029,0.06020003518887,0.211992396751339,0.02400253674139,0.293853499564212,0,0.368411080374399,0,0.434607462496127,0,0.487703829606416,0,0.556004838430966,0,0.619604255607508,0,0.679682753965575,0,0.724808278356385,0.00579940357555,0.767443028648929,0.047047016604829,0.817132003160142,0.089810070739749,0.880308236314508,0.131898629789393,0.873186307502074,0.168750807806643,0.887330242406542,0.199371748306665,0.857611436859956,0.249240411688911,0.834921444715073,0.302385338142191,0.830676438518764,0.350879049447476,0.820255809357088,0.412081356702554,0.753995638612085,0.468415395708902,0.777389366346609,0.496064808532581,0.888896507980046,0.521507094909177,0.880165658080294,0.559792076425962,0.884616094670187,0.593312115669869,0.855964444444444,0.627771714154412,0.8398386742942,0.656669531040895,0.751704478664629,0.676476686802781,0.707690876222884,,,4
0.351352767540566,0.055543174532426,0.352541184717841,0.055543174532426,0.347964298814036,0.055543174532426,0.351352767540566,0.055543174532426,0.351352767540566,0.055543174532426,0.350166240186607,0.055105789509491,0.352353359587793,0.051378809869376,0.347690622111138,0.051994954294897,0.348684546181187,0.052840460093072,0.339936527436527,0.049573351422757,0.342028595005136,0.047003655429605,0.387582789054255,0.030849160735356,0.393680082007398,0.024795601413831,0.42391121101433,0.01753774328503,0.438498755875034,0.017724466504282,0.439671781224445,0.011547727839163,0.421749862863412,0.016394893858112,0.385410776314727,0.011728176310771,0.342929067359617,0.024002073613271,0.29333829652301,0.048258744173709,0.248648119943549,0.074557580810186,0.222829446473729,0.101274129162793,0.190093002720294,0.127051574865884,0.151766074005576,0.16400552963539,0.113210702341137,0.21176390865352,0.07357685209968,0.253914951063112,0.030817355036784,0.306202069589096,0,0.368216599969861,0,0.435797011312636,0,0.517379991326684,0,0.550720781355163,0,0.605633031542056,0,0.62583306750511,0.036921559581948,0.647612072937924,0.074841725616458,0.683712199632865,0.116959683149159,0.712412118474179,0.195054398772832,0.690093024539708,0.255261833172338,0.74911844174083,0.286088419681385,0.904753741449951,0.317207065723458,0.942144629500705,0.369570103961787,1,0.420613776120048,1,0.491670496323529,1,0.555848253905645,0.90816386505231,0.614976292835322,0.852296894938324,,,4
0.368242712172288,0.047605986319922,0.369488257974062,0.047605986319922,0.368242712172288,0.047605986319922,0.368242712172288,0.043645963691221,0.368242712172288,0.047605986319922,0.367016554389263,0.043302265460235,0.365781301504138,0.039528728762913,0.357619748690382,0.040002764769919,0.348684546181187,0.032522609535517,0.333333333333333,0.028919275947017,0.325743924824439,0.021360262895543,0.357985224161402,0.004415179081186,0.347699484482477,0.004123674533186,0.361407698791795,0,0.363630080176942,0,0.348524540174921,0.019240674586691,0.32095447065277,0.049166976505374,0.278643940005924,0.074216574697514,0.243452840147793,0.116001382408847,0.200002757327598,0.179828716510667,0.170274008970615,0.232445337072265,0.163051418937904,0.299575290279069,0.154273425149189,0.364759830739541,0.140921637033612,0.43599447036461,0.126686176142698,0.509791963136139,0.108991787228648,0.58202834964563,0.089628106354631,0.647282408492683,0.075362275404235,0.713175828407816,0.094109239097379,0.774318804525054,0.119762240143647,0.841695299729793,0.150310834813499,0.840582885942807,0.175003231226574,0.852116189641745,0.193040149209777,0.831133515383944,0.236927922625392,0.815872336690584,0.284429515657168,0.821084013084344,0.33332829435685,0.820255809357088,0.40110217879158,0.76677616142656,0.460524346607529,0.812728022103833,0.498683746302277,0.944439682512471,0.532264116854057,0.950409682429176,0.581525709468952,0.974357080879502,0.62953095522689,0.938275555555555,0.683335248161765,0.910157106937343,0.730246383140575,0.806130245680028,0.772729157739042,0.747687154402382,,,4
0.243236162297172,0.075394716541237,0.244058885383806,0.075394716541237,0.243236162297172,0.075394716541237,0.243236162297172,0.075394716541237,0.243236162297172,0.075394716541237,0.245791773286682,0.070855160214981,0.251678492739543,0.063245966020661,0.251669120416338,0.059995507248881,0.266441046920971,0.052840460093072,0.283834971334971,0.045449676889571,0.322476886546202,0.042720525791087,0.414197653609067,0.02643398165417,0.471275125908098,0.016530400942554,0.551629671255971,0.010519614381859,0.6283384019906,0.017724466504282,0.697049080349841,0.034626568081748,0.7506582556226,0.065561870363485,0.783854377036379,0.085944751008286,0.824610553954011,0.127993779160187,0.866669423994265,0.192978134828906,0.910810848575461,0.258763120997385,0.959244169710593,0.324893822569767,1,0.389352171526708,1,0.46400552963539,1,0.529409771633801,1,0.597654404319946,1,0.666672248082784,1,0.72868074276242,1,0.778218554067002,1,0.806951996530674,1,0.793485576546823,1,0.806330315420561,0.977847583521482,0.78145343905429,0.932313125367863,0.768256423759682,0.889215671098865,0.766772942459249,0.836253420205288,0.771239800095999,0.813183535494134,0.718856101802523,0.78158120297683,0.752659939855592,0.7585285097837,0.869044965971234,0.739246452545411,0.871900605151823,0.733703287440292,0.897428323518009,0.713100707095436,0.884782222222222,0.697222541360294,0.882819487335257,0.683913956076465,0.795918067473845,0.673794943393097,0.738462356444066,,,5
0.435802490699177,0.067457528328733,0.437276550998949,0.06348036274493,0.439190959425707,0.059520340116229,0.445950430545124,0.055543174532426,0.452709901664542,0.051583151903725,0.468013995508904,0.043302265460235,0.48321507260457,0.035567318364211,0.509946245763002,0.028010575244941,0.54934439890478,0.02846606374572,0.590755528255528,0.04130815095148,0.644953773092403,0.055551452940959,0.718937852761675,0.079301944962509,0.775861300530374,0.103306080188511,0.842385501545378,0.119293033408113,0.909095935858446,0.159566156532929,0.970504664088597,0.230771786990114,1,0.30737770223615,1,0.355473430196257,1,0.424002073613271,1,0.530694607601652,1,0.596479593770132,1,0.620258471409562,0.991739421474655,0.627042722331403,0.940383618455158,0.651995852773458,0.894871794871795,0.690197872196246,0.852860382887008,0.734373945325684,0.809520361466721,0.771323800274606,0.776805382805593,0.806205314535439,0.755884678547534,0.840463263350759,0.736529263346903,0.876438602928912,0.711653133722405,0.855076773779524,0.693744345353496,0.841544368185358,0.636072118058964,0.804641289250193,0.590776768528387,0.768256423759682,0.547900252310264,0.757194319075815,0.511692944929026,0.745094163819635,0.494503309377042,0.680514533359097,0.48157167929688,0.696118090644034,0.459318262002334,0.793650249429997,0.44085722624491,0.780985022938646,0.442933408260747,0.803422748167704,0.451259378735293,0.790133333333333,0.472225413602941,0.7890615771444,0.493188893741108,0.717688374280005,0.513374158499329,0.680003190131859,,,5
0,0,0,0,0,0,0,0,0,0,0,0,0,0,0,0,0,0,0,0,0.016284670180698,0,0.103553237377059,0,0.137926936161994,0,0.201081764540601,0,0.243309372408073,0,0.273455583738755,0,0.291771804717499,0,0.291663300751272,0,0.293190953753705,0,0.285328259850553,0,0.291894308829488,0,0.315214948019106,0,0.330579807158219,0,0.333333333333333,0,0.336928651059086,0,0.33514587177934,0,0.336137982969356,0,0.344922150125129,0,0.373532631835047,0.007782689818628,0.407179233162547,0.034743303199119,0.444795102765795,0.047097309395984,0.471872172676748,0.056339442172897,0.490510781715258,0.062916176136112,0.516917741755882,0.066662278103263,0.541909818429485,0.060701420231046,0.564330093271455,0.045754863483638,0.596156577564412,0.019170784221713,0.63156963850832,0,0.650921377588406,0.043645963691221,0.669353605826025,0.049590317570824,0.695658892947457,0.081193346502483,0.727026598885353,0.127573333333333,0.763887293198529,0.187498945307886,0.79563863806049,0.227900552486188,0.823530224907037,0.261537643555934,,,5
0.59121792744485,0.468242675672432,0.58981773571679,0.468242675672432,0.587829458718321,0.468242675672432,0.587829458718321,0.468242675672432,0.59121792744485,0.452385442202527,0.585861750831201,0.405503775767059,0.577175968494648,0.34387432767011,0.55630499537782,0.299994816056401,0.536181357459907,0.256089208885767,0.501655064155064,0.206612160377022,0.475572994728954,0.158106561311524,0.485216513452743,0.105735926616679,0.462643550088396,0.070245278303403,0.464667041303737,0.042093615473231,0.457215924799558,0.035448933008564,0.447710923531124,0.038464733737642,0.424396599012617,0.049166976505374,0.377601852599833,0.066403415514943,0.321991690013128,0.108000691204424,0.266674938649461,0.179828716510667,0.237833079491945,0.254386297320853,0.236414723236864,0.333333333333333,0.231410137723783,0.409836936314867,0.222226892522382,0.504008985657508,0.215635451505017,0.592159653046012,0.212531872032907,0.679682753965575,0.218487516654116,0.763571213288235,0.249269454975948,0.837198399276661,0.308816373699897,0.914407221260359,0.374255065554231,1,0.447855874143618,1,0.518757270259791,1,0.579104086908151,0.950334228328086,0.649237230167189,0.895236762995633,0.709580050462053,0.862628186548521,0.760230382004807,0.823531072648728,0.796707666960202,0.731636624616998,0.81578481925416,0.727915248286495,0.826770157679051,0.805547460271201,0.827957138687754,0.768596369089059,0.836962629952234,0.747853859360866,0.844006970146459,0.687253333333333,0.849997127757353,0.636713410621171,0.844675785707242,0.544213588809216,0.84224713509628,0.476924712888133,,,6
0.668925645817686,0.571426122434985,0.671188222923239,0.571426122434985,0.668925645817686,0.575386145063686,0.668925645817686,0.571426122434985,0.665537177091157,0.55952891159378,0.663307048235765,0.53149874141098,0.654360611370379,0.486160676171775,0.639076248844455,0.444004769228111,0.628288634547031,0.394310299411713,0.617168304668305,0.351244242921918,0.60586719657803,0.299135989366023,0.621304128363186,0.237886803943212,0.603452630327881,0.169409832553822,0.595110986232088,0.101755290123083,0.574868675698092,0.067374419780321,0.546911167477511,0.049995846141065,0.501330224904004,0.040987234645279,0.440100169642136,0.027354494675914,0.379579628351401,0.043995161569034,0.322662475528718,0.087725946417068,0.297301829055291,0.140342566978665,0.282607474009553,0.194090519677002,0.247931294774472,0.245905702802712,0.208678351757667,0.319993087955763,0.175195094760312,0.399996611777462,0.136236212264217,0.488288896388795,0.086833111278457,0.593031043836442,0.049272452083739,0.705423371230514,0.052931695152363,0.817132003160142,0.074841725616457,0.926643760216166,0.119639685359046,0.952902690604016,0.171885097583043,0.99295718944704,0.218350184876149,1,0.286161971270859,1,0.356283763911893,1,0.42981965503167,0.977115509501087,0.52197255915689,0.872208573715737,0.59736602223099,0.862202140163947,0.64828887019296,0.928565306087463,0.688171445248982,0.87602420607294,0.725540882270301,0.846142485277014,0.743731908581633,0.769546666666667,0.761115579044118,0.699218684081743,0.77111302069393,0.585032914070765,0.775397077729089,0.507696193109315,,,6
0.665537177091157,0.499991428522449,0.667788293024886,0.503968594106252,0.665537177091157,0.499991428522449,0.665537177091157,0.503968594106252,0.665537177091157,0.499991428522449,0.666666666666667,0.492125314647255,0.661074582328551,0.462443438914027,0.642397370493375,0.423994746937153,0.631570891651502,0.382105540433752,0.617168304668305,0.342979042450641,0.602616998703289,0.299135989366023,0.609465102406045,0.246698131161268,0.591953766843458,0.194205433967653,0.589674065748806,0.129812647789971,0.580218413049489,0.102838672120349,0.560314358185371,0.084622414222813,0.519898518924849,0.086064340220605,0.46615235479441,0.070318432643143,0.41361809249259,0.087990323138068,0.346665012270108,0.114043730342188,0.283776042030545,0.166660350903786,0.241851643720146,0.236288073494832,0.206614159770983,0.311467573166197,0.173440937049024,0.388007603248661,0.148244147157191,0.46665989022159,0.119895192077423,0.54687816402295,0.092437583270579,0.635661900137303,0.078254484422532,0.72868074276242,0.111763274739979,0.813232253618194,0.161679798151789,0.888030823631451,0.217790535397107,0.894927139257149,0.265622980483391,0.911972473714953,0.300628251693335,0.880799287055858,0.360005090434755,0.86032025541439,0.413169667043326,0.869018536154472,0.459055796586597,0.866010672840726,0.524728006135841,0.798727468462749,0.592100787744384,0.80918652398907,0.640418487258121,0.892856530608746,0.66667129932039,0.863635552223352,0.736414723236864,0.824782616722359,0.779950748138654,0.76544,0.805563534007353,0.718743144501257,0.82288306309606,0.625852239332315,0.839565391686596,0.563071565291365,,,6
0.763523308822245,0.48015702946874,0.766105853487557,0.48015702946874,0.763523308822245,0.48015702946874,0.763523308822245,0.48015702946874,0.763523308822245,0.48015702946874,0.764321896704789,0.476375943941765,0.761749449176801,0.474310595065312,0.751669120416339,0.47999861761504,0.746704988010408,0.487804021424181,0.739267676767677,0.495858474061909,0.732911200552365,0.508547797511354,0.739648500237086,0.51101891675865,0.732762847082943,0.475204398586169,0.744563079516718,0.392984902685988,0.756690627591927,0.390076137077378,0.764065033889143,0.415385893495057,0.7506582556226,0.438519148032082,0.721356059994076,0.410165544474257,0.70157131836453,0.419993087955763,0.674662916701133,0.456137026791466,0.656755208406109,0.460513850467998,0.644029221691486,0.451486484023259,0.628103057838292,0.434429277102034,0.582657307385146,0.432002764817695,0.539088628762542,0.427441214338958,0.495907701410117,0.429682753965575,0.448183977292475,0.430226717122668,0.408685618378265,0.430236257388276,0.385286783042394,0.439696760854583,0.362274197792672,0.459452246722487,0.337430220756153,0.449279218644837,0.306255654646504,0.447177399727414,0.262655017833186,0.420532619626276,0.243084167157151,0.400001097140851,0.227543612525734,0.3865816460326,0.210518359510816,0.369285936132366,0.225264892196688,0.325875728048141,0.234200895225915,0.321558869773619,0.217846771786034,0.392847959131195,0.188164496268397,0.376033131616059,0.17663669570104,0.38460686395776,0.158772447759904,0.38272,0.161104090073529,0.398437368163486,0.171665234479553,0.374147760667686,0.179151518502647,0.363076882177797,,,7
0.831083087349135,0.472219841256236,0.833894146512443,0.476179863884936,0.831083087349135,0.472219841256236,0.834454089742022,0.472219841256236,0.834454089742022,0.472219841256236,0.835013142548784,0.46850125858902,0.832202772332194,0.46640484931273,0.824511247303729,0.475989701232051,0.822366966548188,0.479673369040302,0.818471880971881,0.495858474061909,0.820851787608831,0.512812465384189,0.831362711657005,0.524226392113577,0.833340761539718,0.495858474061909,0.845110986232088,0.417540774874189,0.860962123306608,0.418432219617936,0.873993374637892,0.453850627232699,0.864728469555677,0.483613958676369,0.833333333333333,0.453129482441486,0.808910904489288,0.459996543977881,0.784004742603469,0.5,0.762152947587575,0.495604229034825,0.75,0.485244527077523,0.732784527081879,0.467219064818258,0.688355540610595,0.459996543977881,0.644202898550725,0.454902758013146,0.602180680969755,0.45312183597705,0.560229971615594,0.449616556712769,0.521736524254095,0.449609028347538,0.497050057782374,0.455262140491839,0.47005557017476,0.474897421356373,0.444795102765795,0.460141808449029,0.412498384386713,0.457749221183801,0.363927881941036,0.437083108631001,0.335380112307717,0.419050205165339,0.311378728542018,0.408940968627938,0.292391649408172,0.39543157240873,0.29944891060421,0.345046512269854,0.302621733037646,0.332152833961746,0.275585529351101,0.392847959131195,0.239239503564827,0.371891679608704,0.220118010677157,0.371794635109938,0.194991287316926,0.374488888888889,0.191664751838235,0.394522351035286,0.193457957090735,0.377556717996944,0.195186685282205,0.372301680136112,,,7
0.82095261383683,0.531740181372465,0.82372940764108,0.531740181372465,0.82095261383683,0.531740181372465,0.8175641451103,0.531740181372465,0.8175641451103,0.531740181372465,0.818180235695511,0.527552894754745,0.815426519317847,0.525689404934688,0.801331872496319,0.531993571909938,0.79275862655397,0.536587935727456,0.778869778869779,0.541326002356385,0.76548054091376,0.551286785068124,0.766278660691069,0.555075552848932,0.755745717639019,0.516530400942554,0.763585276763136,0.431577032680531,0.772726016035388,0.429079154985676,0.774793130691505,0.461543573980228,0.755965441579814,0.487703829606416,0.718757573309637,0.449231340387114,0.683246037868637,0.456004838430966,0.645338737695426,0.5,0.610812245867509,0.5,0.592399550435516,0.497894679280363,0.567501744691154,0.487703829606416,0.520322811147072,0.483998617591152,0.474386845039019,0.486277698719252,0.425063744065815,0.488288896388795,0.378149800150611,0.49224741301363,0.33332334297403,0.496123771411349,0.30588163736999,0.501958279403607,0.284429515657168,0.528955532574974,0.251538315148439,0.507254769991704,0.218754039033217,0.500006084501558,0.170887732731259,0.47019839129819,0.147702145936401,0.447617010071753,0.122749717505379,0.431314093274261,0.105259179755408,0.411765536324364,0.118129136721302,0.361029066718194,0.12631120665025,0.346288296264635,0.102355687030152,0.416659523768707,0.064514335746946,0.396686838394116,0.048918235459399,0.388889914523603,0.022292947767105,0.386826666666667,0.030546300551471,0.402335510217857,0.054502937157508,0.38095098154461,0.080217304156702,0.372301680136112,,,7
0.668925645817686,0.892856530608746,0.671188222923239,0.892856530608746,0.668925645817686,0.845233401333722,0.668925645817686,0.904753741449951,0.668925645817686,0.833336190492517,0.670043692446951,0.889754405061569,0.667788553286723,0.822129258089302,0.655630499537782,0.835997304349329,0.657896974541249,0.845517604706295,0.656770406770407,0.855367917455104,0.664505481551338,0.901709559502271,0.695275096746562,0.91630190690062,0.706897832449377,0.925631047163412,0.741851643720146,0.792972776329352,0.772726016035388,0.797876740659038,0.804288466602908,0.869236520727756,0.811670323642348,0.934420424567554,0.802084174812182,0.890632646517829,0.801047545576353,0.911992396751339,0.799997242672402,1,0.802702362820853,0.995604229034825,0.817940432705816,0.957820674067188,0.826442396707163,0.918043235778403,0.807588303700279,0.888007603248661,0.789757525083612,0.858812766822525,0.776564723118318,0.843739453256834,0.764713549209291,0.817839322192827,0.765221561193448,0.802320713962795,0.773523508302415,0.78600124388563,0.787424732597557,0.783784234579845,0.800621669626998,0.721016137363239,0.803121364870104,0.683103947624611,0.794296652596446,0.622514386909521,0.781540810969887,0.568247646632875,0.769453430955219,0.527155535312547,0.760230382004807,0.483666036084366,0.760986279578445,0.405747094708367,0.763159684902246,0.374559220870415,0.761161017179146,0.412699501140007,0.758064291968368,0.363626626680233,0.766310761449846,0.337604076282607,0.782730166045018,0.304533333333333,0.802777458639706,0.289053139607486,0.817431360671672,0.255113435993887,0.831547808296816,0.233849957464909,,,8
0.668925645817686,0.694443968251247,0.671188222923239,0.694443968251247,0.665537177091157,0.694443968251247,0.665537177091157,0.694443968251247,0.665537177091157,0.694443968251247,0.666666666666667,0.688975440506157,0.664422893426554,0.68774865534022,0.655630499537782,0.699987904131603,0.654597710923284,0.707314074984634,0.653460278460278,0.723142561319576,0.661238443273101,0.747867666063582,0.692307692307692,0.766528375137974,0.704030544784656,0.723142561319576,0.736414723236864,0.607015097314012,0.770058059165054,0.609923862922622,0.796235463706045,0.657705408324333,0.806363137685134,0.696729873762858,0.794275251097288,0.648441586931943,0.795809817694588,0.656004838430966,0.794661813770094,0.706146500435788,0.799991616247712,0.697354958505438,0.815214948019106,0.666666666666667,0.826442396707163,0.635240169260459,0.807588303700279,0.612009676861932,0.792447045707915,0.588229314901403,0.779283530787327,0.574215322308471,0.770303539361641,0.558136030273601,0.773913173787295,0.54263851447516,0.785292865397482,0.5369719789548,0.799405600359116,0.540547753277513,0.815957244354225,0.503623471959179,0.821878635129895,0.482391452492212,0.813291449887111,0.443706165164439,0.806149881488316,0.40635079981568,0.796402643840069,0.383379570204132,0.789466523559735,0.349676708925092,0.791210976337244,0.287547961465205,0.794737486564809,0.261490787525378,0.795275056313947,0.305556031748753,0.795699970814282,0.272728895553294,0.809792076425962,0.260675318921114,0.827301660450179,0.251022222222222,0.852783203125,0.257817377951029,0.869201403073802,0.241506994240038,0.885030618874497,0.233849957464909,,,8
0.513510209072014,0.904753741449951,0.518647038205398,0.90079371882125,0.516898677798543,0.90079371882125,0.523640682584319,0.90079371882125,0.516898677798543,0.90079371882125,0.521889741849009,0.893700251717804,0.520133238493434,0.893280969862546,0.513250248228165,0.903993364552194,0.509872281083655,0.918693476161208,0.508258258258258,0.94214359670106,0.517926609521564,0.974356607465938,0.56213959037582,0.99560385186313,0.580469759771805,0.933878396229783,0.619570103961787,0.789471290850664,0.66042300248825,0.787245124622762,0.672917792839619,0.857705408324333,0.67904552934723,0.913935659779395,0.67447559038156,0.859380009787543,0.667546388403914,0.875997926386729,0.661331237764359,0.956137026791466,0.667570248857714,0.94736443214976,0.682073616184321,0.894515229397933,0.69146739207839,0.844266213416901,0.672088885152649,0.804008985657508,0.654988851727982,0.760774547672291,0.637595616098722,0.730458994262572,0.621850199849389,0.693797930410904,0.614497010384978,0.662793228739347,0.62058268961742,0.630347447513069,0.628747890964816,0.617756946992694,0.634975260086272,0.557967725273521,0.63750484683986,0.514091705607477,0.626582899774222,0.456952278231315,0.624612252040151,0.409518794022777,0.619754500564989,0.367410597214746,0.616952124684434,0.320269926871276,0.62362582734426,0.242816131614542,0.634209058380158,0.19081347601093,0.629915596927837,0.198412562357499,0.626339416007672,0.136364447776647,0.638592301208205,0.102571676481991,0.649030083958582,0.082311111111111,0.672219669117647,0.085927875934457,0.69209855325623,0.081638650523099,0.708560843781535,0.076922054444917,,,8
0.584458456325433,0.388887936502494,0.583052926743779,0.388887936502494,0.581087453932545,0.388887936502494,0.581087453932545,0.384910770918691,0.581087453932545,0.388887936502494,0.582502132400299,0.381879719708824,0.577175968494648,0.371535900281738,0.572859246071147,0.37599142921325,0.582234996003469,0.378048994643955,0.570963008463008,0.388428719340212,0.566780620063657,0.393161761990917,0.609465102406045,0.405282990141971,0.629317644961448,0.376021992930844,0.654889013767912,0.319286970229794,0.692521426596627,0.326240482865328,0.72653055567106,0.353842319514829,0.724136039495337,0.381137019528691,0.708336699248728,0.351575288141886,0.714658870978657,0.367997235182305,0.714671740149447,0.4078972299064,0.710802464823173,0.407897229906401,0.722829446473729,0.405078288766155,0.743808126700184,0.401639489385811,0.723578944418758,0.4,0.695415273132664,0.392152876600935,0.686646850831843,0.398447519406007,0.683470428083184,0.399233113425538,0.672461075062565,0.403111029251712,0.670579648439876,0.408566001580071,0.691624227977029,0.432431530840311,0.702454960669881,0.413044499053045,0.693744345353496,0.408449547313084,0.680376951016001,0.390736017554676,0.689228958210712,0.377783994909267,0.67964336021547,0.361020247608795,0.660821453946274,0.33660389078691,0.678564326903957,0.297126452645817,0.694738847090516,0.282693980979713,0.68241647895351,0.345241972811273,0.674732116798466,0.326442814045235,0.698370328744029,0.34188712684845,0.70752747015366,0.349795555555555,0.713895909926471,0.359371572250629,0.738416893233973,0.350343834489244,0.756680167539846,0.338459698000851,,,9
0.675685116937104,0.38095074828999,0.664405888538381,0.373013560077486,0.652035701185964,0.365076371864982,0.65877770597174,0.365076371864982,0.668925645817686,0.38095074828999,0.663307048235765,0.377950881012314,0.644298329314204,0.367591564927858,0.632451124730373,0.38000034559624,0.641451675991905,0.390236192817631,0.63035763035763,0.392552393873398,0.631919300786447,0.405974227375106,0.680483962249721,0.422905644578084,0.698281113042445,0.400817594344675,0.714667041303737,0.333323228036137,0.756690627591927,0.343964949369609,0.788196321399365,0.376921159757415,0.78250137136588,0.389334466457747,0.770835016291031,0.3671847314332,0.782722265080461,0.395991014342492,0.781330134833319,0.438591837508053,0.775678734612321,0.429819242866346,0.790769879179545,0.42616795173256,0.820944839274778,0.430321701103026,0.794039762935564,0.424002073613271,0.765496098104794,0.411753743985905,0.760209615845155,0.425784677691529,0.756299600301222,0.430226717122668,0.74202394689125,0.426351656815632,0.747050057782373,0.435797011312636,0.778446821355046,0.471044467425026,0.791407637655417,0.456526162563196,0.781245960966783,0.440134589174455,0.778475835214816,0.423836995564126,0.784610979431462,0.409518794022777,0.772456387474266,0.392971995638552,0.757312814621094,0.366010672840726,0.769224213845411,0.329077759682005,0.776315968490225,0.321558869773619,0.761161017179146,0.376973582706187,0.758064291968368,0.363626626680233,0.782607474009553,0.388889914523603,0.788303402986794,0.38272,0.791661879595588,0.382811049798343,0.811979658247285,0.36734453979076,0.839565391686596,0.369231178222033,,,9
0.523640682584319,0.51984297053126,0.518647038205398,0.51984297053126,0.527029151310849,0.523802993159961,0.530400153703736,0.51984297053126,0.523640682584319,0.515865804947457,0.528626386060195,0.51574937070549,0.536909491507781,0.513839323828225,0.523179374807409,0.52000138238496,0.519736058910563,0.528457283343577,0.528050778050778,0.541326002356385,0.543978713729981,0.559834582579478,0.576930724872662,0.56828302820386,0.60058534266316,0.537184476418294,0.644015172801349,0.452631419390044,0.668454520320708,0.457450556857699,0.694360125854159,0.50000830771787,0.710874931431706,0.540978382110798,0.703126262218273,0.515634755902057,0.70157131836453,0.532002764817695,0.70666170347699,0.587725946417068,0.710802464823173,0.5921027700936,0.717392525990447,0.582289786916024,0.735533305798072,0.573768169827021,0.723578944418758,0.567997235182305,0.700808249721293,0.560784712339907,0.689365658500852,0.566402294971313,0.683470428083184,0.569773282877332,0.675353284080862,0.565895886007066,0.673529590657503,0.571985678505993,0.694611705338761,0.602311772358808,0.708592362344583,0.576092911142763,0.703131058549825,0.563376168224299,0.696197768397631,0.536428956632569,0.692315034280896,0.511114036820047,0.676640403696423,0.492015513505307,0.669589273026863,0.480390772792727,0.686816464505866,0.434510171971182,0.694738847090516,0.434627303118655,0.685035416723207,0.515865804947457,0.685489138743346,0.516521180313822,0.701095813430739,0.529916738973914,0.701954233211884,0.522631111111111,0.719439338235294,0.527346057139,0.741135700902982,0.493196779123075,0.762029830939578,0.473840918757975,,,9
0.719595479712854,0.72221555551746,0.718647038205398,0.726192721101264,0.722966482105741,0.718255532888759,0.722966482105741,0.72221555551746,0.722966482105741,0.72221555551746,0.720542413006771,0.716528335260902,0.718117312329765,0.711465892597968,0.7019892491526,0.715989010039571,0.674342273090594,0.719501273158311,0.643564018564019,0.719001035381484,0.612384432731008,0.713676476018166,0.618352019823485,0.678415102957409,0.609202062070093,0.586775679245957,0.627718460241641,0.459649548293215,0.649737351396185,0.432617920553947,0.672917792839619,0.450012461576805,0.676398793198025,0.475416511747313,0.666666666666667,0.457044499569686,0.657070932640383,0.487990323138068,0.637328701022969,0.570180757133654,0.616219766093311,0.61842055401872,0.603259342511942,0.6582271559031,0.586785922834803,0.696729873762858,0.552856122062965,0.727993779160187,0.525599219620959,0.752930812495765,0.498640596165495,0.78515018562268,0.473382378497364,0.806202069589096,0.457973056000959,0.821710228890042,0.458822456054985,0.844363012892706,0.46406513629398,0.864863061680622,0.460130677493022,0.818842054187732,0.440626211709965,0.781688084112149,0.386080298419554,0.705295441248625,0.344622432909661,0.628576679174072,0.305388294661239,0.571887982554208,0.274856011246996,0.516348081429822,0.280217595091327,0.428119910563944,0.2868396348349,0.399288647361431,0.272966591581404,0.448408276618723,0.255375036482148,0.433888502115354,0.258162405169992,0.448723392471431,0.253488673512003,0.460906666666667,0.261115579044118,0.492178403280514,0.261583106766028,0.489802515575409,0.256687079249665,0.495387601020842,,,10
0.834454089742022,0.710318344676255,0.837276550998948,0.710318344676255,0.831083087349135,0.710318344676255,0.834454089742022,0.714278367304956,0.834454089742022,0.714278367304956,0.831653524117883,0.704724811211647,0.785222324387155,0.679842909587638,0.731793748074092,0.66000241917368,0.694069828744409,0.646342962507683,0.653460278460278,0.632225356135528,0.628669102911706,0.619650703393273,0.636095262860027,0.599132188939215,0.643683796110591,0.561980077832125,0.671199775217758,0.49474019280907,0.681821951893835,0.52836374220629,0.675592886745118,0.626933621334219,0.644569391113549,0.717214638551017,0.59635942590947,0.714845002446886,0.55759470542856,0.772006220839814,0.533336090660931,0.890352040622987,0.513504827644026,0.907878282617758,0.516310761449845,0.877636207870801,0.509649210260208,0.823781448628742,0.471550866574195,0.759996543977882,0.431270903010033,0.698041607372772,0.38419710651246,0.644532568342896,0.330533510977235,0.600783630822812,0.286958085447543,0.550390971652462,0.267638829754881,0.521406599317544,0.254492825410585,0.53282516596057,0.24846168485156,0.521748657828421,0.225006462453147,0.538733936915888,0.183550930925035,0.549675069699445,0.159998727391311,0.571429355100608,0.128740151386158,0.632589402785254,0.090641108977945,0.699353417850185,0.09889782120842,0.741215115797609,0.110529108447504,0.840998946709612,0.104988194425598,1,0.080635970703098,1,0.059792076425962,0.991452360293168,0.016719710825329,0.909475555555555,0,0.8437536914224,0,0.731294816033854,0.002681743409685,0.658456507868992,,,10
0.695946063961714,0.789673083846193,0.698300035050824,0.797610272058697,0.695946063961714,0.797610272058697,0.695946063961714,0.769838684792484,0.695946063961714,0.793650249429997,0.696972861942312,0.779525818082863,0.697975399455249,0.794467685477674,0.682130995994111,0.787993986625426,0.667760752368157,0.796751251207305,0.646857084357084,0.793387839622978,0.638436536939425,0.773511058597644,0.653853801795739,0.735698245346934,0.646551083775311,0.636366882073619,0.665762854734476,0.498241678287759,0.687171689245231,0.468082172893975,0.69972417425534,0.480767633131179,0.697613823368075,0.499991147465519,0.677087540727576,0.480467102043572,0.65968302949098,0.511992396751339,0.637328701022969,0.605271135700481,0.616219766093311,0.666660350903786,0.597836470918797,0.717303731248063,0.567501744691154,0.758201873196296,0.528463144326286,0.791999308795576,0.495958751393534,0.815680693907976,0.46321157395016,0.847654404319946,0.442579505300353,0.860470178493687,0.423191620086616,0.879845285735814,0.423529590657503,0.902724781899783,0.425150534804885,0.915051539513627,0.414108094392286,0.851445475746999,0.38750484683986,0.799302716121495,0.354422302935113,0.708614121844214,0.335380112307717,0.638094376055998,0.311378728542018,0.587856955543594,0.292391649408172,0.539218454414547,0.29944891060421,0.456869185966268,0.307886967524251,0.431101070081974,0.293958802616224,0.492054240309945,0.2714966714383,0.471072314750353,0.271747681933127,0.482895489873908,0.26741456530192,0.489706666666667,0.280560661764706,0.515617880828229,0.286108724132588,0.503408957329258,0.286103316238371,0.513850489153552,,,10
0.445950430545124,0.924605283458762,0.450841219768665,0.924605283458762,0.449321432938012,0.924605283458762,0.449321432938012,0.924605283458762,0.449321432938012,0.924605283458762,0.45118108865563,0.917324307776039,0.449662566575875,0.916998207120293,0.440408121340775,0.923986107031156,0.43091103892791,0.939011326718764,0.399348211848212,0.938019922167875,0.348545831158115,0.931636081674851,0.349113602643131,0.929528413199863,0.295984311628114,0.847102716983827,0.285318909806125,0.712271872915782,0.304810616533038,0.712762535042971,0.340471537278057,0.776921159757415,0.360737794843664,0.823763743559781,0.36979292888494,0.765638974670514,0.397904908847294,0.751995852773458,0.445335980367827,0.780704081245974,0.516215574217167,0.741217931713972,0.608696262995224,0.696214068281657,0.677695013743894,0.663940086046635,0.685637425917364,0.648004147226542,0.673857302118172,0.639205122992478,0.656669531040895,0.644532568342896,0.635854138909807,0.639529821506312,0.614497010384978,0.631783400030139,0.582355087890031,0.61479887714108,0.53593486370602,0.602311772358808,0.475466252220249,0.543473837436805,0.403127827323252,0.50351988415109,0.316449069074965,0.450329221697877,0.258466824682245,0.409518794022777,0.227543612525734,0.383379570204132,0.222218862904567,0.356213117994184,0.263727523222453,0.309906975460292,0.315791621882695,0.300355676319284,0.362200450511575,0.337304784598769,0.413978569343877,0.293382602331352,0.494563079516718,0.260675318921114,0.571033569031812,0.218115555555556,0.658332375919118,0.2109384228556,0.727513488385197,0.190475490772305,0.778078821138773,0.187686091025096,,,11
0.449321432938012,1,0.450841219768665,1,0.449321432938012,1,0.449321432938012,1,0.452709901664542,1,0.45118108865563,0.992125314647255,0.453028226436044,0.992094254247417,0.443712123805937,1,0.434210302545875,1,0.409244471744472,1,0.37134773749179,1,0.387582789054255,1,0.364947779709111,0.92148952122532,0.377718460241641,0.775435033044322,0.393046723804258,0.776598189255021,0.412865399808724,0.846157680485171,0.435010970927043,0.901648341920292,0.450521043703045,0.839855549368028,0.481681486594394,0.840003456022119,0.530661482890782,0.868430027663042,0.570262830634231,0.846489067414453,0.627718460241641,0.793259328120158,0.683192571176278,0.75000442626724,0.70190408137531,0.727993779160187,0.71698717948718,0.701955004404689,0.713891275867412,0.707036787040162,0.703078839135724,0.701550517397274,0.686952091231961,0.697670914053212,0.661760233562435,0.692608966062093,0.619754500564989,0.687260232845181,0.567495559502664,0.619574574652914,0.5,0.577461789330218,0.420879552370668,0.523182843565693,0.372317579498274,0.4793655234459,0.332337507546089,0.46006376547555,0.312859971882511,0.434650026823277,0.335156094651024,0.380199850939907,0.368416756234609,0.381626952021859,0.388444106711537,0.436511065777519,0.416660875849513,0.38429818454453,0.47826636695701,0.34188712684845,0.548755022393756,0.296302222222222,0.630557789522059,0.277341838370543,0.697550255680617,0.244901257787704,0.754012247549799,0.230766163334751,,,11
0.557438038181405,0.968251247149984,0.559323519102699,0.964291224521283,0.557438038181405,0.968251247149984,0.554049569454876,0.964291224521283,0.554049569454876,0.964291224521283,0.528626386060195,0.944877202530784,0.469804479450391,0.913036796721591,0.397353374191119,0.892001175027216,0.322358463291441,0.890244973219773,0.244232869232869,0.90083544574958,0.188932486822384,0.944448547059041,0.21893020481209,0.977981197427016,0.244254282360981,0.92148952122532,0.32336330429896,0.768416904141151,0.409095935858446,0.737595171346722,0.512051783164927,0.72692531361635,0.578250137136588,0.72950195641012,0.635417508145515,0.644543444877571,0.678008309986872,0.63599447036461,0.704000882344831,0.692978134828906,0.721617505274777,0.684205540187199,0.733703287440292,0.675106177430233,0.719012148747383,0.659832510047627,0.64769590741597,0.640003456022119,0.555253623188406,0.611760520430982,0.46049276628115,0.578130273371583,0.369750333082315,0.538762934931851,0.29564969804139,0.503876228588651,0.252934736329907,0.482493150224404,0.236521523768246,0.494212229375855,0.242340142095915,0.481882640204104,0.275009693679721,0.478877652842679,0.332269886456595,0.427155676159714,0.427691965066891,0.336504070392557,0.511973128182902,0.274757428953942,0.578948164048918,0.23203546319564,0.640101695878192,0.178913517542165,0.686834192732072,0.155474820253706,0.700789752218634,0.198412562357499,0.690867649715787,0.173548260411646,0.660325934251194,0.145291413591301,0.601679171647057,0.115235555555556,0.547219669117647,0.1015541942996,0.501359403834505,0.095245092276948,0.467922754731065,0.101539238621863,,,11
1,0.666672380985034,1,0.666672380985034,1,0.670632403613735,1,0.666672380985034,1,0.670632403613735,1,0.661422545751412,1,0.65612567232989,1,0.66000241917368,1,0.666660813065238,1,0.665286158020636,1,0.666672820588561,1,0.643169794085182,1,0.561980077832125,1,0.50525980719093,1,0.475175023361981,1,0.476929467475285,0.965523861766319,0.450824170960146,0.898443600721652,0.406250527346057,0.85602338706403,0.451995852773458,0.821338958281634,0.565784986168479,0.797294842595051,0.622797377695252,0.788044394492835,0.654016514463827,0.782376482987481,0.680334979904747,0.742549703669455,0.708000691204424,0.714283723522854,0.737243342142712,0.703001958105005,0.777337158285521,0.666671493946591,0.798449482602726,0.611589815827726,0.813957771712741,0.588224560549845,0.832697382797398,0.568859031314335,0.845564933115388,0.515335574727227,0.804348166351015,0.490629442936539,0.757045852803738,0.458852786230817,0.682121895710462,0.436918378060226,0.615877273824414,0.422147578285838,0.549514857907885,0.418119151637919,0.473854363723636,0.431312672215436,0.367419328125431,0.439463408661107,0.300355676319284,0.417320270306945,0.301578866164949,0.368282073019888,0.247933736767882,0.32608878898567,0.243580039507449,0.278546638056424,0.255146666666667,0.252771714154412,0.289053139607486,0.239776297068477,0.30272128835077,0.237970169060422,0.344613994045087,,,12
0.881752921244302,0.587300498859994,0.877970557308097,0.587300498859994,0.878381918851414,0.587300498859994,0.881752921244302,0.58332333327619,0.875010916458526,0.587300498859994,0.882152244677703,0.578729845567726,0.87583490917923,0.573123879450183,0.864244872804465,0.555995230771889,0.855257563646877,0.536587935727456,0.848177723177723,0.545449676889571,0.846903891817248,0.547003655429605,0.852073359132417,0.51101891675865,0.853456344431074,0.417347995287229,0.864133183478505,0.305265870369248,0.868979817528338,0.265958913553013,0.868629326236711,0.265381739636122,0.840852989577619,0.270480338520918,0.786466327382395,0.246106076714086,0.74345960723808,0.263988249524797,0.704000882344831,0.307021865171094,0.672963796163036,0.346489067414453,0.660325934251194,0.400849419441862,0.650136014698133,0.459021617889202,0.631443262858504,0.527993779160187,0.614548494983278,0.596073050077929,0.602180680969755,0.644532568342896,0.582633377744309,0.686045343424534,0.573916170895086,0.71706042898046,0.570585730794964,0.75097073506917,0.541909818429485,0.803082363145078,0.506137401674702,0.793485576546823,0.462501615613287,0.788730894665109,0.39872713589215,0.745033780449252,0.35691901436457,0.69205999166173,0.329334551027042,0.65815080120906,0.298241901105048,0.624177654798543,0.307686844871176,0.549521075440969,0.326308485598835,0.53003404112412,0.31758352104649,0.579363310647489,0.295693021833697,0.524786233242293,0.290769879179545,0.478630900732919,0.2841198749982,0.41152,0.286104090073529,0.363286589378829,0.28337582937721,0.295918067473845,0.267386406049128,0.252312845597618,,,12
0.858103505493162,0.750004285738776,0.861005958640028,0.750004285738776,0.858103505493162,0.750004285738776,0.858103505493162,0.750004285738776,0.864862976612579,0.710318344676255,0.868696363604714,0.665351384447922,0.869120938221058,0.624502689319559,0.844369500462218,0.587997442587825,0.819067702930222,0.532513829133374,0.788783101283101,0.47934592452426,0.762213502635523,0.440165417420522,0.736696391697386,0.409698169223157,0.692531681300233,0.355367917455104,0.665762854734476,0.287712969138422,0.641705833563727,0.312054781929317,0.619291169417994,0.403854781091634,0.596818431157433,0.512296170393584,0.575517677787651,0.562513710997486,0.586395441687983,0.66400552963539,0.616000772051727,0.793853499564212,0.651347688180307,0.850865891090985,0.671199775217758,0.856546544904395,0.652899035791093,0.860661107275013,0.574530985106413,0.880006912044237,0.501351727982163,0.882343972352104,0.430515446490203,0.894532568342896,0.369750333082315,0.875975352466428,0.327538924937435,0.837198399276661,0.297047016604829,0.78600124388563,0.248502391529805,0.749040931380725,0.199394189292058,0.655793642098014,0.165632674163112,0.580990800233645,0.142403717155852,0.476821447831628,0.120006999347788,0.387301691791192,0.068851291735678,0.325880225801554,0.008767819080588,0.284312618234181,0,0.265175145609628,0,0.332152833961746,0,0.515865804947457,0,0.623966868383941,0.029896038212981,0.760684549633541,0.041777675369749,0.860088888888889,0.03610409007353,0.964849221215343,0.029977319790948,1,0,1,,,12
0.624997816708295,0.964291224521283,0.62372940764108,0.964291224521283,0.624997816708295,0.964291224521283,0.621626814315407,0.968251247149984,0.61147887446946,0.972228412733787,0.589221369262103,0.964572419892509,0.543623462465953,0.96837701698967,0.486766870955593,0.975998341138048,0.427628781823438,0.97966458863816,0.379538629538629,0.97934592452426,0.355046226907597,0.991452202488646,0.390534897593955,0.977981197427016,0.408046233156542,0.888428719340212,0.456518685023883,0.729824774146608,0.505349737351396,0.705669684574965,0.552275215878692,0.753858934950569,0.596818431157433,0.803278978771622,0.624996634084606,0.753910798359743,0.65968302949098,0.767997235182305,0.698665453442523,0.846489067414453,0.740536839604846,0.837716472772746,0.788044394492835,0.797469969559432,0.82369361799097,0.745896850268232,0.818432740672243,0.696008294453084,0.80054347826087,0.635291725960561,0.762942510600533,0.566402294971313,0.71147830620402,0.5,0.663769462468718,0.476751000452087,0.629402104494861,0.494175589584979,0.592820766837453,0.54440070720886,0.549083354478559,0.554352079387688,0.481258885873077,0.563376168224299,0.401901115801184,0.523182843565693,0.344622432909661,0.473015820771071,0.308375772022971,0.421721667839841,0.289474082024459,0.352937854702544,0.315924779138142,0.252394622795153,0.352621052774792,0.183745744859485,0.383206231172144,0.190475374144995,0.411296262838242,0.136364447776647,0.470118010677157,0.128196134177636,0.526462074626651,0.135804444444444,0.597225413602941,0.152348166523229,0.664840041134292,0.142867638415423,0.721928090571045,0.132310718843046,,,13
0.533788622430266,0.932542471671267,0.528811777076761,0.928565306087463,0.533788622430266,0.932542471671267,0.523640682584319,0.936502494299968,0.499991266833179,0.944439682512471,0.464654377078002,0.944877202530784,0.422824031505352,0.940715444378042,0.377495121032629,0.935995576368129,0.351966803285658,0.922750021951005,0.333333333333333,0.909100646220858,0.332244320573921,0.893161761990917,0.360952628600272,0.88547177710958,0.373564499116043,0.780998964618515,0.42663669570104,0.631570969502213,0.483950787945811,0.613477947822357,0.544236073572013,0.657705408324333,0.596818431157433,0.696729873762858,0.64062794517597,0.664067905297086,0.688483765750403,0.675997926386729,0.73066424021838,0.741236879002615,0.770271214386519,0.719295918754026,0.817940432705816,0.687774557518091,0.837465996325467,0.651635063118571,0.821150855365474,0.6,0.797840022296544,0.549010639018771,0.76839421302492,0.5,0.73108671725656,0.476742239040889,0.684059882213664,0.468998543274785,0.644106197919835,0.474710460405776,0.598795721560918,0.505787770624145,0.549083354478559,0.500007826073346,0.487495153160139,0.492963273948598,0.408232714898073,0.456952278231315,0.35691901436457,0.409518794022777,0.32035663978453,0.364222323437263,0.304092152801923,0.307197108733094,0.324176916740051,0.220443315758964,0.349995238160025,0.166084049519913,0.367451895676717,0.178561020348688,0.387099912442845,0.132222995769293,0.440221972464175,0.119666955895656,0.495830873140454,0.135804444444444,0.569450827205882,0.171872626942743,0.637595616098722,0.176869049018455,0.708560843781535,0.181545087196937,,,13
0.523640682584319,0.968251247149984,0.525411847178409,0.968251247149984,0.523640682584319,0.968251247149984,0.516898677798543,0.976188435362488,0.486489790927986,0.988102789158795,0.427611537591171,1,0.359067330545966,1,0.288081624268155,0.979989977709043,0.256577269094063,0.967477390464483,0.237629675129675,0.938019922167875,0.250820969670433,0.910257357013625,0.322483442189149,0.872245270810338,0.350581628559968,0.780998964618515,0.415762854734476,0.638589098405384,0.473265136853746,0.641849349694379,0.54154711907633,0.688460579878707,0.604772353263851,0.733609532409129,0.65104881923688,0.699218684081743,0.696333590482764,0.703991705546915,0.73066424021838,0.750009473644322,0.767560467813378,0.701750729470613,0.801629671255971,0.628697982173128,0.820944839274778,0.553283405038863,0.799461981421546,0.5,0.762806577480491,0.454902758013146,0.711172468198403,0.417971650354371,0.652667554886173,0.395348447808178,0.594206590640032,0.399226428679068,0.538227601727389,0.420231631675379,0.476046004055539,0.45559929279114,0.404909921339762,0.43478533080812,0.337501615613287,0.408449547313084,0.287965053499558,0.344374621820611,0.289232139732434,0.2730207579049,0.314366205903751,0.204463583288477,0.350879049447476,0.140525736228365,0.414836803681505,0.06709084384575,0.478945864682113,0.01413546230289,0.530178847667381,0.027771587266213,0.580642919683682,0,0.649466142174768,0,0.7158801250018,0,0.783332375919118,0,0.833786467944835,0,0.871663372084986,0,,,13
0.675685116937104,0.154749455711175,0.677970557308097,0.150789433082475,0.675685116937104,0.154749455711175,0.675685116937104,0.150789433082475,0.675685116937104,0.158726621294979,0.673403310877853,0.169280223144432,0.667788553286723,0.181815077264578,0.65232649707262,0.215997649945569,0.641451675991905,0.256089208885767,0.63035763035763,0.326448641508087,0.625418905036965,0.384613964479563,0.650886397356869,0.45815095345031,0.658049947259735,0.483469599057446,0.682059567294184,0.463151033771903,0.705888858169754,0.521270891738285,0.723855461765562,0.623078840242585,0.718828853538124,0.72950195641012,0.697915825187818,0.746097639177172,0.678008309986872,0.808000691204424,0.653334987729892,0.921046648224639,0.627020833624436,0.951741255826291,0.614133183478505,0.949381163303622,0.592283480267187,0.938528000566562,0.544715788883752,0.916001382408848,0.493255295429209,0.91371891305821,0.43324834124558,0.914056699291259,0.369750333082315,0.910853621780918,0.315940117786336,0.910855114445021,0.273523508302415,0.926072851355667,0.227543612525734,0.945941888781399,0.184058614564831,0.898558437289674,0.140622980483391,0.862672799844237,0.091767285101927,0.788076495587728,0.073843119163896,0.730158207710706,0.053882946612387,0.677321850026914,0.043854212332391,0.624177654798543,0.068673124449621,0.520771800038645,0.086842355886315,0.480575188142087,0.073493093060493,0.488094217681244,0.045696496323989,0.396686838394116,0.043481314976117,0.333339487141618,0.041777675369749,0.275715555555556,0.074994255514706,0.242191059585886,0.114443489653035,0.200687668978488,0.152417024923626,0.172306997022544,,,14
0.831083087349135,0.214286938782507,0.833894146512443,0.218246961411208,0.831083087349135,0.222224126995011,0.831083087349135,0.218246961411208,0.831083087349135,0.218246961411208,0.828293905686981,0.224403020613647,0.818792179178016,0.249005378639119,0.801331872496319,0.283993710148434,0.789476369449499,0.3211344279568,0.775576713076713,0.376021992930844,0.76548054091376,0.427352952036333,0.769230769230769,0.489000114185666,0.75862786171651,0.508265200471277,0.766296712559708,0.484205420481416,0.780757533867846,0.535456592674296,0.793560369800546,0.642319514829276,0.785148107515085,0.737699403339176,0.760414142230121,0.7421994971228,0.740833976206911,0.8,0.696004632310365,0.916669824548107,0.648650914527645,0.969286445109705,0.625007024445069,0.983120978472868,0.606070100978451,0.983605106141888,0.563686548134449,0.980006912044237,0.517516722408027,0.984312529646948,0.46321157395016,0.996085048936888,0.400553206279326,1,0.33332334297403,1,0.282342923179855,1,0.233534046406514,1,0.180981984267952,0.9384088027673,0.121881866356469,0.911972473714953,0.060125650338667,0.847684004388669,0.036921559581948,0.787305531784171,0.020958779004071,0.744413619863912,0.011700503393751,0.696078154558545,0.038462631025765,0.603831396472244,0.052625134351914,0.586575890335679,0.031495101365104,0.638883650763719,0,0.574376550813117,0,0.517086048701239,0,0.427982222222222,0.03610409007353,0.363286589378829,0.0790144674377,0.292523803926178,0.120319044525235,0.255383347511697,,,14
0.800674200478578,0.246035691632524,0.803382404486506,0.246035691632524,0.800674200478578,0.246035691632524,0.800674200478578,0.246035691632524,0.800674200478578,0.253955736889925,0.794610684631051,0.271651132730118,0.788587984247324,0.308307009305899,0.761598246995583,0.355998686734288,0.743422730905937,0.402440951795592,0.722768222768223,0.454550323110429,0.706842255940452,0.508547797511354,0.713018339783104,0.577094355421916,0.706897832449377,0.607429754721697,0.722829446473729,0.561404838416298,0.740641415537738,0.606385097354351,0.747986749275784,0.715394201212927,0.740057597366978,0.807386554770631,0.708336699248728,0.816416071820314,0.693721493632168,0.859996543977882,0.679998345603441,0.969305392398348,0.664859502284573,1,0.641303737004777,1,0.619842479312948,1,0.579953203592395,1,0.539088628762542,1,0.493188893741108,1,0.448183977292475,0.98837949164462,0.40290120034167,0.980610485072753,0.37058268961742,0.980551680086064,0.335324984907822,0.992277412683057,0.291407637655417,0.945655746685658,0.234377019516608,0.922529083917446,0.164556133634371,0.854307060922107,0.138459825334457,0.800004937133829,0.125737194867111,0.766772942459249,0.114026998835996,0.725484936612361,0.131863761611226,0.632594473735059,0.144732724724834,0.611305316826696,0.128599343230114,0.662695215401231,0.102150014592859,0.611560363448116,0.095110986232088,0.581202577214909,0.08634916977491,0.518524444444445,0.102768841911765,0.484365244097943,0.12806570217082,0.418376043258493,0.152417024923626,0.378455976180349,,,14
0.763523308822245,0.650798004560026,0.766105853487557,0.650798004560026,0.763523308822245,0.650798004560026,0.763523308822245,0.654758027188727,0.763523308822245,0.654758027188727,0.764321896704789,0.649602013742432,0.761749449176801,0.644275591223427,0.751669120416339,0.652001866219696,0.750004251628374,0.654473614891562,0.745870870870871,0.657020957549359,0.749195870733063,0.662389690950042,0.766278660691069,0.656396300384425,0.770126725200933,0.590917205184048,0.790755830289407,0.473685806099557,0.812842134365496,0.450357706389693,0.831094848018628,0.457688792888593,0.824931431705979,0.459021617889202,0.799485688127743,0.398437368163486,0.782722265080461,0.371988940729221,0.762663026994237,0.368430027663041,0.745944359830648,0.324548107165865,0.736414723236864,0.274274985873389,0.719012148747383,0.221313362015545,0.672088885152649,0.175997926386729,0.625334448160535,0.137256895032866,0.580373871272205,0.0937563280459,0.532207611654985,0.054268108904591,0.495646700933599,0.027141972104549,0.470576607262332,0,0.446109313808956,0,0.414108094392286,0,0.371881866356469,0,0.313291449887111,0,0.26769323767558,0,0.221553178644954,0,0.175431966259013,0,0.164829702014033,0,0.155263193698045,0.003541498114763,0.120728960295275,0.091269092966246,0.075271357691827,0.132222995769293,0.054355155942681,0.196577251832296,0.030645602615245,0.271608888888889,0.033332375919118,0.355473430196257,0.046318339977742,0.397966380627718,0.064182137377144,0.443069438536793,,,15
0.77365378233455,0.650798004560026,0.772870662460568,0.646820838976223,0.77365378233455,0.646820838976223,0.77365378233455,0.650798004560026,0.77365378233455,0.646820838976223,0.771041133566592,0.637798489693176,0.768446071372808,0.628464099718262,0.748347998767419,0.61999965440376,0.7368412101835,0.605689700588287,0.722768222768223,0.586775679245957,0.716609689968172,0.572647047963667,0.733728987258516,0.550660373767746,0.732762847082943,0.47934592452426,0.75,0.371930515976475,0.767376278683992,0.333333333333333,0.777468224597003,0.323087147960455,0.769226549643445,0.295072679308086,0.73698737108544,0.230479758348943,0.706809046246295,0.195991014342492,0.669327487798825,0.175432945545492,0.635139100423379,0.140342566978665,0.614133183478505,0.122363792129199,0.586785922834803,0.106549105008764,0.533885362812268,0.103991705546915,0.479779821627648,0.109795351358677,0.414174426303408,0.121093486331421,0.336137982969356,0.135661900137303,0.260868262127047,0.162801600723339,0.202937777507451,0.206232875561009,0.146695973871182,0.285719051272642,0.095090078660239,0.344206357901986,0.046885097583043,0.401406736760125,0.003157619187854,0.430460052097563,0,0.450798718539486,0,0.479234814293404,0,0.516348081429822,0.041203874669773,0.514381538631408,0.071046652426498,0.572440428032789,0.068241647895351,0.72221555551746,0.048378802829625,0.772719970010175,0.048918235459399,0.854690124983846,0.044571494405161,0.901244444444444,0.069436465992647,0.945307885722,0.10354008480426,0.901360644175385,0.133700114734383,0.879997873245427,,,15
0.77365378233455,0.662695215401231,0.77627059235892,0.662695215401231,0.77365378233455,0.65873519277253,0.77365378233455,0.65873519277253,0.77365378233455,0.662695215401231,0.774418159346876,0.645673175045921,0.768446071372808,0.640314180824725,0.754973122881501,0.631991843928738,0.746704988010408,0.613820352972166,0.739267676767677,0.607429754721697,0.736161398427106,0.594025772624893,0.751487526194227,0.56828302820386,0.75862786171651,0.508265200471277,0.777170553526271,0.40702116049233,0.799460879181642,0.379429201709637,0.815002702815086,0.388468887596577,0.811670323642348,0.3852445955277,0.786466327382395,0.328135810594171,0.767022615615738,0.303991705546915,0.743995919155155,0.298249270529387,0.724328251847919,0.267535715639092,0.711955605507165,0.232077432055559,0.694216170794582,0.200810892158425,0.64769590741597,0.180006912044237,0.606465997770346,0.160788100562445,0.56403285108541,0.148447519406007,0.523808144586688,0.135661900137303,0.486955088339752,0.131791772014132,0.461757192384891,0.128405977374729,0.434128446047397,0.154435066884612,0.404909921339762,0.152170170138835,0.359377019516608,0.158452589563863,0.300628251693335,0.158943343542091,0.270779313745765,0.161907818225704,0.242511957649026,0.162933211875285,0.216368611207692,0.163410226727278,0.22252364855268,0.143773980732603,0.228949265996381,0.144880856065579,0.207343881455749,0.222224126995011,0.172042861312245,0.239668683839412,0.154889013767912,0.290601288607455,0.136493901121848,0.341564444444444,0.141659007352941,0.406250527346057,0.15259131953738,0.425179264135418,0.165784271713136,0.452307528711187,,,15
